,ACCELERATION,ACCELERATION_PEDAL,ACCELERATION_Y,ACCELERATION_Z,BRAKE_PEDAL,CLUTCH_PEDAL,CURVE_RADIUS,DISTANCE,DISTANCE_TO_NEXT_INTERSECTION,DISTANCE_TO_NEXT_STOP_SIGNAL,DISTANCE_TO_NEXT_TRAFFIC_LIGHT_SIGNAL,DISTANCE_TO_NEXT_VEHICLE,DISTANCE_TO_NEXT_YIELD_SIGNAL,FAST_LANE,FOG,FOG_LIGHTS,FRONT_WIPERS,GEARBOX,HEADING,HEAD_LIGHTS,HORN,INDICATORS,INDICATORS_ON_INTERSECTION,LANE,LANE_LATERAL_SHIFT_CENTER,LANE_LATERAL_SHIFT_LEFT,LANE_LATERAL_SHIFT_RIGHT,LANE_WIDTH,RAIN,REAR_WIPERS,ROAD_ANGLE,SNOW,SPEED,SPEED_LIMIT,SPEED_NEXT_VEHICLE,SPEED_Y,SPEED_Z,STEERING_WHEEL
0,-0.01186706,0.0,-0.0006536151,0.29276620000000003,0.0,1.0,99000.0,0.0134870799653959,714.3702,99000.0,99000.0,99000.0,99000,1,0,0,4,1,1.61510009555491,2,0,0,0,1,3.791121e-06,-0.8687461999999999,0.8687538,3.4445,0,4,92.53828,0,0.03376536,50.0,0.0,4.969510000000001e-05,-0.07513706,0.03763161
1,-0.01186706,0.0,-0.0006536151,0.29276620000000003,0.0,1.0,99000.0,0.0134870799653959,714.3702,99000.0,99000.0,99000.0,99000,1,0,0,4,1,1.61510009555491,2,0,0,0,1,3.791121e-06,-0.8687461999999999,0.8687538,3.4445,0,4,92.53828,0,0.03376536,50.0,0.0,4.969510000000001e-05,-0.07513706,0.03763161
2,-0.01186706,0.0,-0.0006536151,0.29276620000000003,0.0,1.0,99000.0,0.0134870799653959,714.3698,99000.0,99000.0,99000.0,99000,1,0,0,4,1,1.61510009555491,2,0,0,0,1,4.128401e-06,-0.8687459000000001,0.8687541,3.4445,0,4,92.53828,0,0.03376536,50.0,0.0,4.969510000000001e-05,-0.07513706,0.03763161
3,-0.01186706,0.0,-0.0006536151,0.29276620000000003,0.0,1.0,99000.0,0.0134870799653959,714.3698,99000.0,99000.0,99000.0,99000,1,0,0,4,1,1.61510009555491,2,0,0,0,1,4.128401e-06,-0.8687459000000001,0.8687541,3.4445,0,4,92.53828,0,0.03376536,50.0,0.0,4.969510000000001e-05,-0.07513706,0.03763161
4,-0.01186706,0.0,-0.0006536151,0.29276620000000003,0.0,1.0,99000.0,0.0134870799653959,714.3698,99000.0,99000.0,99000.0,99000,1,0,0,4,1,1.61510009555491,2,0,0,0,1,4.128401e-06,-0.8687459000000001,0.8687541,3.4445,0,4,92.53828,0,0.03376536,50.0,0.0,4.969510000000001e-05,-0.07513706,0.03763161
5,-0.01186706,0.0,-0.0006536151,0.29276620000000003,0.0,1.0,99000.0,0.0134870799653959,714.3698,99000.0,99000.0,99000.0,99000,1,0,0,4,1,1.61510009555491,2,0,0,0,1,4.128401e-06,-0.8687459000000001,0.8687541,3.4445,0,4,92.53828,0,0.03376536,50.0,0.0,4.969510000000001e-05,-0.07513706,0.03763161
6,-0.01186706,0.0,-0.0006536151,0.29276620000000003,0.0,1.0,99000.0,0.0134870799653959,714.3698,99000.0,99000.0,99000.0,99000,1,0,0,4,1,1.61510009555491,2,0,0,0,1,4.128401e-06,-0.8687459000000001,0.8687541,3.4445,0,4,92.53828,0,0.03376536,50.0,0.0,4.969510000000001e-05,-0.07513706,0.03763161
7,-0.01186706,0.0,-0.0006536151,0.29276620000000003,0.0,1.0,99000.0,0.0134870799653959,714.3698,99000.0,99000.0,99000.0,99000,1,0,0,4,1,1.61510009555491,2,0,0,0,1,4.128401e-06,-0.8687459000000001,0.8687541,3.4445,0,4,92.53828,0,0.03376536,50.0,0.0,4.969510000000001e-05,-0.07513706,0.03763161
8,-0.01186706,0.0,-0.0006536151,0.29276620000000003,0.0,1.0,99000.0,0.0134870799653959,714.3698,99000.0,99000.0,99000.0,99000,1,0,0,4,1,1.61510009555491,2,0,0,0,1,4.128401e-06,-0.8687459000000001,0.8687541,3.4445,0,4,92.53828,0,0.03376536,50.0,0.0,4.969510000000001e-05,-0.07513706,0.03763161
9,-0.01186706,0.0,-0.0006536151,0.29276620000000003,0.0,1.0,99000.0,0.0134870799653959,714.3698,99000.0,99000.0,99000.0,99000,1,0,0,4,1,1.61510009555491,2,0,0,0,1,4.128401e-06,-0.8687459000000001,0.8687541,3.4445,0,4,92.53828,0,0.03376536,50.0,0.0,4.969510000000001e-05,-0.07513706,0.03763161
10,-0.01186706,0.0,-0.0006536151,0.29276620000000003,0.0,1.0,99000.0,0.0134870799653959,714.3698,99000.0,99000.0,99000.0,99000,1,0,0,4,1,1.61510009555491,2,0,0,0,1,4.128401e-06,-0.8687459000000001,0.8687541,3.4445,0,4,92.53828,0,0.03376536,50.0,0.0,4.969510000000001e-05,-0.07513706,0.03763161
11,-0.01186706,0.0,-0.0006536151,0.29276620000000003,0.0,1.0,99000.0,0.0134870799653959,714.3698,99000.0,99000.0,99000.0,99000,1,0,0,4,1,1.61510009555491,2,0,0,0,1,4.128401e-06,-0.8687459000000001,0.8687541,3.4445,0,4,92.53828,0,0.03376536,50.0,0.0,4.969510000000001e-05,-0.07513706,0.03763161
12,-0.01186706,0.0,-0.0006536151,0.29276620000000003,0.0,1.0,99000.0,0.0134870799653959,714.3698,99000.0,99000.0,99000.0,99000,1,0,0,4,1,1.61510009555491,2,0,0,0,1,4.128401e-06,-0.8687459000000001,0.8687541,3.4445,0,4,92.53828,0,0.03376536,50.0,0.0,4.969510000000001e-05,-0.07513706,0.03763161
13,-0.01186706,0.0,-0.0006536151,0.29276620000000003,0.0,1.0,99000.0,0.0134870799653959,714.3698,99000.0,99000.0,99000.0,99000,1,0,0,4,1,1.61510009555491,2,0,0,0,1,4.128401e-06,-0.8687459000000001,0.8687541,3.4445,0,4,92.53828,0,0.03376536,50.0,0.0,4.969510000000001e-05,-0.07513706,0.03763161
14,-0.01186706,0.0,-0.0006536151,0.29276620000000003,0.0,1.0,99000.0,0.0134870799653959,714.3698,99000.0,99000.0,99000.0,99000,1,0,0,4,1,1.61510009555491,2,0,0,0,1,4.128401e-06,-0.8687459000000001,0.8687541,3.4445,0,4,92.53828,0,0.03376536,50.0,0.0,4.969510000000001e-05,-0.07513706,0.03763161
15,-0.01186706,0.0,-0.0006536151,0.29276620000000003,0.0,1.0,99000.0,0.0134870799653959,714.3698,99000.0,99000.0,99000.0,99000,1,0,0,4,1,1.61510009555491,2,0,0,0,1,4.128401e-06,-0.8687459000000001,0.8687541,3.4445,0,4,92.53828,0,0.03376536,50.0,0.0,4.969510000000001e-05,-0.07513706,0.03763161
16,-0.01186706,0.0,-0.0006536151,0.29276620000000003,0.0,1.0,99000.0,0.0134870799653959,714.3698,99000.0,99000.0,99000.0,99000,1,0,0,4,1,1.61510009555491,2,0,0,0,1,4.128401e-06,-0.8687459000000001,0.8687541,3.4445,0,4,92.53828,0,0.03376536,50.0,0.0,4.969510000000001e-05,-0.07513706,0.03763161
17,-0.01186706,0.0,-0.0006536151,0.29276620000000003,0.0,1.0,99000.0,0.0134870799653959,714.3698,99000.0,99000.0,99000.0,99000,1,0,0,4,1,1.61510009555491,2,0,0,0,1,4.128401e-06,-0.8687459000000001,0.8687541,3.4445,0,4,92.53828,0,0.03376536,50.0,0.0,4.969510000000001e-05,-0.07513706,0.03763161
18,-0.01186706,0.0,-0.0006536151,0.29276620000000003,0.0,1.0,99000.0,2.16368356784654e-06,714.3698,99000.0,99000.0,99000.0,99000,1,0,0,4,1,1.61510009555491,2,0,0,0,1,4.128401e-06,-0.8687459000000001,0.8687541,3.4445,0,4,92.53828,0,0.03376536,50.0,0.0,4.969510000000001e-05,-0.07513706,0.03763161
19,0.03480161,0.0,0.00015213690000000002,-1.413463,0.0,1.0,99000.0,2.16368356784654e-06,714.3698,99000.0,99000.0,99000.0,99000,1,0,0,4,1,1.60570287536371,2,0,0,0,1,4.128401e-06,-0.8687459000000001,0.8687541,3.4445,0,4,92.53828,0,2.797742e-05,50.0,0.0,1.134369e-07,-0.002152855,0.03715222
20,0.03480161,0.0,0.00015213690000000002,-1.413463,0.0,1.0,99000.0,2.16368356784654e-06,714.3698,99000.0,99000.0,99000.0,99000,1,0,0,4,1,1.60570287536371,2,0,0,0,1,4.128401e-06,-0.8687459000000001,0.8687541,3.4445,0,4,92.53828,0,2.797742e-05,50.0,0.0,1.134369e-07,-0.002152855,0.03715222
21,0.03480161,0.0,0.00015213690000000002,-1.413463,0.0,1.0,-793.22,2.16368356784654e-06,682.3635,99000.0,99000.0,99000.0,99000,1,0,0,4,1,1.60570287536371,2,0,0,0,1,-0.005807171999999999,-0.8745572,0.8629428,3.4445,0,4,92.11682,0,2.797742e-05,50.0,0.0,1.134369e-07,-0.002152855,0.03715222
22,0.03480161,0.0,0.00015213690000000002,-1.413463,0.0,1.0,-793.22,0.00534537643636126,682.3635,99000.0,99000.0,99000.0,99000,1,0,0,4,1,1.60570287536371,2,0,0,0,1,-0.005807171999999999,-0.8745572,0.8629428,3.4445,0,4,92.11682,0,2.797742e-05,50.0,0.0,1.134369e-07,-0.002152855,0.03715222
23,0.03480161,0.0,0.00015213690000000002,-1.413463,0.0,1.0,-793.22,0.00949766770783394,682.3635,99000.0,99000.0,99000.0,99000,1,0,0,4,1,1.60570287536371,2,0,0,0,1,-0.005807171999999999,-0.8745572,0.8629428,3.4445,0,4,92.11682,0,2.797742e-05,50.0,0.0,1.134369e-07,-0.002152855,0.03715222
24,0.009909671,0.0,-0.0008436966,0.1772979,0.0,1.0,-793.22,0.0103030271837333,682.3635,99000.0,99000.0,99000.0,99000,1,0,0,4,1,1.6057018595929098,2,0,0,0,1,-0.005807171999999999,-0.8745572,0.8629428,3.4445,0,4,92.11682,0,0.004387726,50.0,0.0,3.804664000000001e-05,-0.08207239999999999,0.0378713
25,0.008475079,0.0,-0.0008229992999999999,0.2115126,0.0,1.0,-793.22,0.0110845274588661,682.3610000000001,99000.0,99000.0,99000.0,99000,1,0,0,4,1,1.60570185111292,2,0,0,0,1,-0.005809746,-0.8745598,0.8629403,3.4445,0,4,92.11665,0,0.004424484,50.0,0.0,3.215883e-05,-0.08070176,0.0378713
26,0.006550332,0.0,-0.0006326713,0.27689640000000004,0.0,1.0,-793.22,0.0118382832604472,682.3606,99000.0,99000.0,99000.0,99000,1,0,0,4,1,1.6057018309581,2,0,0,0,1,-0.0058098640000000005,-0.8745599000000001,0.8629401,3.4445,0,4,92.11662,0,0.004483659,50.0,0.0,2.07635e-05,-0.07676157,0.03811099
27,0.005977992,0.0,-0.0006714077000000001,0.3045349,0.0,1.0,-793.22,0.0125609086445547,682.3601,99000.0,99000.0,99000.0,99000,1,0,0,4,1,1.6057018265842,2,0,0,0,1,-0.0058101490000000006,-0.8745601999999999,0.8629398000000001,3.4445,0,4,92.11658,0,0.004505903,50.0,0.0,1.536308e-05,-0.07442860000000001,0.03811099
28,0.005707305,0.0,-0.0005977218,0.3294289,0.0,1.0,-793.22,0.013249433564793002,682.3599,99000.0,99000.0,99000.0,99000,1,0,0,4,1,1.6057018243351,2,0,0,0,1,-0.005810298,-0.8745603000000001,0.8629396999999999,3.4445,0,4,92.11656,0,0.004526535,50.0,0.0,1.025373e-05,-0.07188644,0.03811099
29,0.00595845,0.0,-0.0004616218,0.3722825,0.0,1.0,-793.22,0.0139012495586299,682.3596,99000.0,99000.0,99000.0,99000,1,0,0,4,1,1.6057018076788998,2,0,0,0,1,-0.005810456,-0.8745605,0.8629395000000001,3.4445,0,4,92.11655,0,0.004572653,50.0,0.0,1.794353e-06,-0.06625339,0.03811099
30,0.006523116999999999,0.0,-0.0004024372,0.3904283,0.0,1.0,-793.22,0.0145141000456739,682.3594,99000.0,99000.0,99000.0,99000,1,0,0,4,1,1.60570179235075,2,0,0,0,1,-0.005810612,-0.8745606,0.8629394,3.4445,0,4,92.11653,0,0.004602785999999999,50.0,0.0,-1.676239e-06,-0.06319792,0.03811099
31,0.007393333,0.0,-0.0003462922,0.4062186,0.0,1.0,-793.22,0.0150861125652963,682.3589,99000.0,99000.0,99000.0,99000,1,0,0,4,1,1.6057017714902198,2,0,0,0,1,-0.005810903,-0.8745609000000001,0.8629391,3.4445,0,4,92.1165,0,0.004640964,50.0,0.0,-4.686151e-06,-0.06000704,0.03811099
32,0.008540113,0.0,-0.0002925182,0.4193495,0.0,1.0,-793.22,0.0156158598530457,682.3588,99000.0,99000.0,99000.0,99000,1,0,0,4,1,1.60570174435227,2,0,0,0,1,-0.005811033,-0.874561,0.8629389000000001,3.4445,0,4,92.11649,0,0.004689546,50.0,0.0,-7.255761e-06,-0.05670083,0.03811099
33,0.008993203,0.0,-0.0001421911,0.4361314000000001,0.0,1.0,-793.22,0.0161024165920753,682.3586,99000.0,99000.0,99000.0,99000,1,0,0,4,1,1.60570166843416,2,0,0,0,1,-0.00581115,-0.8745610999999999,0.8629388000000001,3.4445,0,4,92.11647,0,0.004813245,50.0,0.0,-1.202481e-05,-0.04983674,0.0378713
34,0.007760222,0.0,-0.00013046110000000002,0.4397188,0.0,1.0,-793.22,0.0165453307270198,682.3584,99000.0,99000.0,99000.0,99000,1,0,0,4,1,1.6057016114984,2,0,0,0,1,-0.005811271999999999,-0.8745613000000001,0.8629386999999998,3.4445,0,4,92.11646,0,0.004871674,50.0,0.0,-1.314973e-05,-0.04633181,0.0378713
35,0.004654211,0.0,-0.0003270335,0.4413767,0.0,1.0,-793.22,0.0169255077013106,682.3583,99000.0,99000.0,99000.0,99000,1,0,0,4,1,1.60570155490849,2,0,0,0,1,-0.005811359,-0.8745613999999999,0.8629386,3.4445,0,4,92.11645,0,0.004914924,50.0,0.0,-1.5024089999999993e-05,-0.04280673,0.03763161
36,0.0004939084,0.0,-3.5914990000000004e-05,0.4423094,0.0,1.0,-793.22,0.0172828267087427,682.3580000000002,99000.0,99000.0,99000.0,99000,1,0,0,4,1,1.6057014884745902,2,0,0,0,1,-0.005811478,-0.8745615,0.8629385,3.4445,0,4,92.11642,0,0.004928179,50.0,0.0,-1.565264e-05,-0.039493400000000005,0.03763161
37,-0.00789378,0.0,-4.04524e-05,0.4454639,0.0,1.0,-793.22,0.0175960268423486,682.3578,99000.0,99000.0,99000.0,99000,1,0,0,4,1,1.6057013186576798,2,0,0,0,1,-0.005811511,-0.8745615,0.8629385,3.4445,0,4,92.11642,0,0.004854567,50.0,0.0,-1.630086e-05,-0.03239154,0.03763161
38,-0.007566511,0.0,-3.694766e-05,0.4449967000000001,0.0,1.0,-793.22,0.0178652554453868,682.3577,99000.0,99000.0,99000.0,99000,1,0,0,4,1,1.60570122392714,2,0,0,0,1,-0.005811511,-0.8745615,0.8629385,3.4445,0,4,92.11641,0,0.004790634,50.0,0.0,-1.662652e-05,-0.0288313,0.03763161
39,-0.00603899,0.0,-2.425239e-05,0.4423459,0.0,1.0,-793.22,0.0180912821117294,682.3577,99000.0,99000.0,99000.0,99000,1,0,0,4,1,1.60570112126998,2,0,0,0,1,-0.005811488,-0.8745615,0.8629385,3.4445,0,4,92.1164,0,0.004733229,50.0,0.0,-1.688294e-05,-0.02527901,0.03763161
40,-0.00147287,0.0,-3.727262e-06,0.4333194,0.0,1.0,-793.22,0.0182759210695222,682.3575,99000.0,99000.0,99000.0,99000,1,0,0,4,1,1.6057010102986398,2,0,0,0,1,-0.005811372,-0.8745613999999999,0.8629386,3.4445,0,4,92.11639,0,0.0047027990000000006,50.0,0.0,-1.7000739999999994e-05,-0.02177465,0.03763161
41,0.0014034579999999998,0.0,4.317803e-05,0.4016574,0.0,1.0,-793.22,0.0184218599893729,682.3575,99000.0,99000.0,99000.0,99000,1,0,0,4,1,1.60570076483085,2,0,0,0,1,-0.005811281999999999,-0.8745613000000001,0.8629386999999998,3.4445,0,4,92.11639,0,0.004722802,50.0,0.0,-1.667596e-05,-0.01507998,0.03763161
42,-0.000604533,0.0,3.3374990000000004e-05,0.3782193,0.0,1.0,-793.22,0.0185329070525945,682.3574,99000.0,99000.0,99000.0,99000,1,0,0,4,1,1.60570062657569,2,0,0,0,1,-0.005811171,-0.8745611999999999,0.8629388000000001,3.4445,0,4,92.11639,0,0.004726071,50.0,0.0,-1.541811e-05,-0.01196244,0.0378713
43,-0.003013868,0.0,4.942127000000001e-05,0.3497092,0.0,1.0,-793.22,0.0186143812580424,682.3574,99000.0,99000.0,99000.0,99000,1,0,0,4,1,1.6057004929244,2,0,0,0,1,-0.00581088,-0.8745609000000001,0.8629391,3.4445,0,4,92.11639,0,0.00471155,50.0,0.0,-1.514168e-05,-0.009054611,0.0378713
44,-0.005212898,0.0,7.953008000000001e-05,0.317392,0.0,1.0,-793.22,0.0186738273827302,682.3574,99000.0,99000.0,99000.0,99000,1,0,0,4,1,1.60570035104615,2,0,0,0,1,-0.00581072,-0.8745607,0.8629393,3.4445,0,4,92.11639,0,0.004678544000000001,50.0,0.0,-1.460473e-05,-0.006392034,0.0378713
45,-0.002825846,0.0,0.0001520103,0.2378194,0.0,1.0,-793.22,0.0187217533403511,682.3574,99000.0,99000.0,99000.0,99000,1,0,0,4,1,1.6057000493060702,2,0,0,0,1,-0.005810546999999999,-0.8745605,0.8629395000000001,3.4445,0,4,92.11639,0,0.004604323,50.0,0.0,-1.4123529999999993e-05,-0.001950946,0.03763161
46,-0.005452659,0.0,0.0001469243,0.1978291,0.0,1.0,-793.22,0.018767948311429,682.3574,99000.0,99000.0,99000.0,99000,1,0,0,4,1,1.60569987865154,2,0,0,0,1,-0.005810362,-0.8745603999999999,0.8629396999999999,3.4445,0,4,92.11639,0,0.00457098,50.0,0.0,-1.285525e-05,-0.0002171352,0.03763161
47,-0.007987115999999999,0.0,0.0001450942,0.157612,0.0,1.0,-793.22,0.0188176109092648,682.3574,99000.0,99000.0,99000.0,99000,1,0,0,4,1,1.6056997112948102,2,0,0,0,1,-0.005809959,-0.8745599000000001,0.8629399999999999,3.4445,0,4,92.11639,0,0.004516303,50.0,0.0,-1.245307e-05,0.001194564,0.03739192
48,-0.01005885,0.0,7.761284e-05,0.11895139999999994,0.0,1.0,-793.22,0.0188714001323857,682.3574,99000.0,99000.0,99000.0,99000,1,0,0,4,1,1.6056995396084397,2,0,0,0,1,-0.005809743000000001,-0.8745598,0.8629403,3.4445,0,4,92.11639,0,0.004443076,50.0,0.0,-1.203614e-05,0.002290135,0.03715222
49,-0.01181231,0.0,-0.0001517678,0.05077935,0.0,1.0,-793.22,0.0189278307694043,682.3574,99000.0,99000.0,99000.0,99000,1,0,0,4,1,1.60569918765207,2,0,0,0,1,-0.005809516999999999,-0.8745594999999999,0.8629405000000001,3.4445,0,4,92.11639,0,0.004262495,50.0,0.0,-1.150722e-05,0.003612498,0.03667284
50,-0.01158991,0.0,-0.000166002,0.0226943,0.0,1.0,-793.22,0.0189848763416923,682.3575,99000.0,99000.0,99000.0,99000,1,0,0,4,1,1.60569900747865,2,0,0,0,1,-0.005809293,-0.8745593,0.8629406999999999,3.4445,0,4,92.11639,0,0.004168061,50.0,0.0,-1.117811e-05,0.00389693,0.03643315
51,-0.01091773,0.0,0.0001538896,-0.001013224,0.0,1.0,-793.22,0.0190406734646276,682.3575,99000.0,99000.0,99000.0,99000,1,0,0,4,1,1.60569882754296,2,0,0,0,1,-0.00580882,-0.8745588,0.8629412000000001,3.4445,0,4,92.11639,0,0.004077515,50.0,0.0,-1.088272e-05,0.003975225,0.03643315
52,-0.009962605,0.0,0.0001531461,-0.02041519,0.0,1.0,-793.22,0.0190937997330662,682.3575,99000.0,99000.0,99000.0,99000,1,0,0,4,1,1.60569864681236,2,0,0,0,1,-0.005808585,-0.8745586,0.8629414000000001,3.4445,0,4,92.11639,0,0.003993781,50.0,0.0,-1.069263e-05,0.003882245,0.03619346
53,-0.007791576,0.0,6.485955e-05,-0.04739718,0.0,1.0,-793.22,0.019140983795613,682.3575,99000.0,99000.0,99000.0,99000,1,0,0,4,1,1.60569828573771,2,0,0,0,1,-0.005808346,-0.8745583,0.8629416999999999,3.4445,0,4,92.1164,0,0.003851575,50.0,0.0,-9.052152e-06,0.003313927,0.03619346
54,-0.006807253,0.0,7.227515999999999e-05,-0.05528587,0.0,1.0,-793.22,0.0191868613316773,682.3575,99000.0,99000.0,99000.0,99000,1,0,0,4,1,1.60569813110214,2,0,0,0,1,-0.005808092,-0.8745581,0.8629419,3.4445,0,4,92.1164,0,0.003796905,50.0,0.0,-9.24523e-06,0.002925463,0.03595376
55,-0.005948143,0.0,6.658568000000001e-05,-0.06098434,0.0,1.0,-793.22,0.0192290118000454,682.3576,99000.0,99000.0,99000.0,99000,1,0,0,4,1,1.60569796284032,2,0,0,0,1,-0.005807628,-0.8745575999999999,0.8629424000000001,3.4445,0,4,92.1164,0,0.003746167,50.0,0.0,-8.656898999999999e-06,0.002457697,0.03595376
56,-0.00509349,0.0,5.497771e-05,-0.06428152,0.0,1.0,-793.22,0.0192718429962853,682.3576,99000.0,99000.0,99000.0,99000,1,0,0,4,1,1.605697799728,2,0,0,0,1,-0.005807393,-0.8745574,0.8629425999999999,3.4445,0,4,92.1164,0,0.00370201,50.0,0.0,-8.1834e-06,0.001954418,0.03595376
57,-0.004276132,0.0,0.0001070584,-0.06522063,0.0,1.0,-793.22,0.0193086527704708,682.3576,99000.0,99000.0,99000.0,99000,1,0,0,4,1,1.6056976363515902,2,0,0,0,1,-0.005807165,-0.8745571,0.8629428,3.4445,0,4,92.1164,0,0.003664647,50.0,0.0,-7.022138e-06,0.001434966,0.03619346
58,-0.002969185,0.0,4.987311e-05,-0.0610081,0.0,1.0,-793.22,0.0193445898492015,682.3576,99000.0,99000.0,99000.0,99000,1,0,0,4,1,1.6056973181790102,2,0,0,0,1,-0.005806933,-0.8745569999999999,0.8629431000000001,3.4445,0,4,92.1164,0,0.003604048,50.0,0.0,-6.2945979999999985e-06,0.0003531922,0.03619346
59,-0.002536616,0.0,6.642909e-05,-0.05685174,0.0,1.0,-793.22,0.0193806348277902,682.3576,99000.0,99000.0,99000.0,99000,1,0,0,4,1,1.60569717066614,2,0,0,0,1,-0.005806484000000001,-0.8745565000000001,0.8629435,3.4445,0,4,92.1164,0,0.0035821990000000008,50.0,0.0,-5.817758e-06,-0.0001177331,0.03619346
60,-0.0022035270000000003,0.0,2.299289e-05,-0.05176067,0.0,1.0,-793.22,0.0194174723340031,682.3576,99000.0,99000.0,99000.0,99000,1,0,0,4,1,1.60569701600409,2,0,0,0,1,-0.005806284,-0.8745563000000001,0.8629437,3.4445,0,4,92.1164,0,0.003563371,50.0,0.0,-4.141815e-06,-0.0005511626,0.03643315
61,-0.001965872,0.0,3.684297e-05,-0.04614131,0.0,1.0,-793.22,0.0194554512749197,682.3576,99000.0,99000.0,99000.0,99000,1,0,0,4,1,1.6056968769341,2,0,0,0,1,-0.005806065,-0.8745561,0.8629439,3.4445,0,4,92.1164,0,0.003546832,50.0,0.0,-3.916131e-06,-0.0009415396,0.03643315
62,-0.001700014,0.0,4.24061e-05,-0.03370807,0.0,1.0,-793.22,0.0194946275013574,682.3576,99000.0,99000.0,99000.0,99000,1,0,0,4,1,1.6056965942069,2,0,0,0,1,-0.0058058730000000005,-0.8745559000000002,0.8629440999999999,3.4445,0,4,92.1164,0,0.003518075,50.0,0.0,-2.458774e-06,-0.00157819,0.03667284
63,-0.001663061,0.0,6.188259e-05,-0.02732019,0.0,1.0,-793.22,0.0195348456787715,682.3576,99000.0,99000.0,99000.0,99000,1,0,0,4,1,1.6056964541749998,2,0,0,0,1,-0.005805482,-0.8745555,0.8629445,3.4445,0,4,92.1164,0,0.00350476,50.0,0.0,-2.021976e-06,-0.001820485,0.03667284
64,-0.0016770029999999998,0.0,6.511409e-05,-0.02107243,0.0,1.0,-793.22,0.0195758241954807,682.3576,99000.0,99000.0,99000.0,99000,1,0,0,4,1,1.60569631140062,2,0,0,0,1,-0.005805296999999999,-0.8745553,0.8629447,3.4445,0,4,92.1164,0,0.003491529,50.0,0.0,-1.5047799999999996e-06,-0.002012159,0.03667284
65,-0.001732086,0.0,5.943091e-05,-0.01512589,0.0,1.0,-793.22,0.0196172261621267,682.3576,99000.0,99000.0,99000.0,99000,1,0,0,4,1,1.60569616702898,2,0,0,0,1,-0.005805109,-0.8745550999999999,0.8629449,3.4445,0,4,92.1164,0,0.003478012,50.0,0.0,-1.003413e-06,-0.002155036,0.03667284
66,-0.001912899,0.0,-0.0002732891,-0.004644392,0.0,1.0,-793.22,0.0196587124799242,682.3576,99000.0,99000.0,99000.0,99000,1,0,0,4,1,1.6056958786324,2,0,0,0,1,-0.005804919,-0.8745549000000001,0.8629450999999999,3.4445,0,4,92.1164,0,0.003449066,50.0,0.0,-7.180545e-07,-0.002307337,0.03643315
67,-0.002056353,0.0,6.935115e-05,-0.0002919266,0.0,1.0,-793.22,0.0196999778232562,682.3576,99000.0,99000.0,99000.0,99000,1,0,0,4,1,1.6056957342447902,2,0,0,0,1,-0.005804726,-0.8745548000000001,0.8629453000000001,3.4445,0,4,92.1164,0,0.003433202,50.0,0.0,-6.871722e-07,-0.002325387,0.03643315
68,-0.002173883,0.0,-0.0002187789,0.0033906390000000004,0.0,1.0,-793.22,0.0197407730738819,682.3576,99000.0,99000.0,99000.0,99000,1,0,0,4,1,1.60569558472133,2,0,0,0,1,-0.005804351,-0.8745543,0.8629457,3.4445,0,4,92.1164,0,0.003416347,50.0,0.0,-6.914031e-07,-0.002311443,0.03619346
69,-0.002445254,0.0,1.118828e-05,0.008679036,0.0,1.0,-793.22,0.0197809156020811,682.3576,99000.0,99000.0,99000.0,99000,1,0,0,4,1,1.60569528470178,2,0,0,0,1,-0.005804152,-0.8745542,0.8629459,3.4445,0,4,92.1164,0,0.003379388,50.0,0.0,-4.930741e-07,-0.00220954,0.03619346
70,-0.002563343,0.0,-9.700912e-06,0.01030214,0.0,1.0,-793.22,0.0198202904371242,682.3576,99000.0,99000.0,99000.0,99000,1,0,0,4,1,1.6056951360525,2,0,0,0,1,-0.0058039580000000006,-0.874554,0.8629459999999999,3.4445,0,4,92.1164,0,0.00335943,50.0,0.0,-5.002365e-07,-0.002132603,0.03619346
71,-0.002666151,0.0,-1.843764e-05,0.0112756,0.0,1.0,-793.22,0.0198588440612074,682.3576,99000.0,99000.0,99000.0,99000,1,0,0,4,1,1.60569498995083,2,0,0,0,1,-0.005803543,-0.8745536,0.8629465000000001,3.4445,0,4,92.1164,0,0.00333856,50.0,0.0,-6.208606e-07,-0.002045495,0.03619346
72,-0.002850531,0.0,-0.0002736992,0.0116851,0.0,1.0,-793.22,0.0198965696060071,682.3576,99000.0,99000.0,99000.0,99000,1,0,0,4,1,1.60569485186552,2,0,0,0,1,-0.005803337,-0.8745533000000001,0.8629466999999998,3.4445,0,4,92.1164,0,0.003316859,50.0,0.0,-1.812686e-06,-0.001953048,0.03595376
73,-0.002960627,0.0,6.102231e-05,0.01101252,0.0,1.0,-793.22,0.0199334976675987,682.3576,99000.0,99000.0,99000.0,99000,1,0,0,4,1,1.60569455383474,2,0,0,0,1,-0.005803147,-0.8745530999999999,0.8629469000000001,3.4445,0,4,92.1164,0,0.003270021,50.0,0.0,-9.183761e-07,-0.001768769,0.03619346
74,-0.003052481,0.0,-3.08069e-05,0.0100875,0.0,1.0,-793.22,0.0199679028905584,682.3576,99000.0,99000.0,99000.0,99000,1,0,0,4,1,1.6056944123983798,2,0,0,0,1,-0.005802956999999999,-0.874553,0.8629469999999999,3.4445,0,4,92.1164,0,0.003246007,50.0,0.0,-9.939546e-07,-0.001684269,0.03619346
75,-0.00301105,0.0,-2.193279e-05,0.00899154,0.0,1.0,-793.22,0.0200034880813204,682.3576,99000.0,99000.0,99000.0,99000,1,0,0,4,1,1.60569428440394,2,0,0,0,1,-0.005802541,-0.8745525,0.8629475000000001,3.4445,0,4,92.1164,0,0.003223291,50.0,0.0,-1.216652e-06,-0.001612756,0.03619346
76,-0.002934975,0.0,-6.702578e-06,0.007653315,0.0,1.0,-793.22,0.0200385181901201,682.3576,99000.0,99000.0,99000.0,99000,1,0,0,4,1,1.6056941461950502,2,0,0,0,1,-0.005802361,-0.8745523999999999,0.8629476,3.4445,0,4,92.1164,0,0.0031995820000000003,50.0,0.0,-1.322763e-06,-0.001546291,0.03619346
77,-0.00277948,0.0,8.267575e-06,0.004732647,0.0,1.0,-793.22,0.0200730843371214,682.3576,99000.0,99000.0,99000.0,99000,1,0,0,4,1,1.6056938663878602,2,0,0,0,1,-0.005802169,-0.8745521999999999,0.8629478,3.4445,0,4,92.1164,0,0.003154111,50.0,0.0,-1.285468e-06,-0.00144749,0.03619346
78,-0.002687385,0.0,3.261618e-05,0.003275904,0.0,1.0,-793.22,0.0201089733324457,682.3576,99000.0,99000.0,99000.0,99000,1,0,0,4,1,1.60569371854182,2,0,0,0,1,-0.0058019790000000005,-0.874552,0.8629479999999999,3.4445,0,4,92.1164,0,0.003132133,50.0,0.0,-9.669649e-08,-0.001415734,0.03643315
79,-0.0026818040000000003,0.0,-2.928547e-05,0.001891989,0.0,1.0,-793.22,0.0201411564784455,682.3576,99000.0,99000.0,99000.0,99000,1,0,0,4,1,1.60569358616527,2,0,0,0,1,-0.005801579,-0.8745516,0.8629484000000001,3.4445,0,4,92.1164,0,0.0031108840000000004,50.0,0.0,-3.600889e-07,-0.00139536,0.03643315
80,-0.002638507,0.0,-1.100324e-06,0.0006222349,0.0,1.0,-793.22,0.020174802890813,682.3576,99000.0,99000.0,99000.0,99000,1,0,0,4,1,1.6056934537662,2,0,0,0,1,-0.00580139,-0.8745514000000001,0.8629485999999998,3.4445,0,4,92.1164,0,0.0030896440000000003,50.0,0.0,-4.687682e-07,-0.001385597,0.03643315
81,-0.002537211,0.0,1.84228e-05,-0.001452885,0.0,1.0,-793.22,0.0202082701409897,682.3576,99000.0,99000.0,99000.0,99000,1,0,0,4,1,1.6056931808940198,2,0,0,0,1,-0.005801209,-0.8745511999999999,0.8629488000000001,3.4445,0,4,92.1164,0,0.003048364,50.0,0.0,-2.7588920000000003e-07,-0.001393455,0.03643315
82,-0.002489221,0.0,1.854528e-05,-0.00222021,0.0,1.0,-793.22,0.0202416064777188,682.3575,99000.0,99000.0,99000.0,99000,1,0,0,4,1,1.60569304237358,2,0,0,0,1,-0.005801026,-0.874551,0.862949,3.4445,0,4,92.1164,0,0.00302832,50.0,0.0,-1.2524280000000002e-07,-0.001408363,0.03643315
83,-0.002444465,0.0,1.621689e-05,-0.00279627,0.0,1.0,-793.22,0.0202748491722511,682.3575,99000.0,99000.0,99000.0,99000,1,0,0,4,1,1.60569290325572,2,0,0,0,1,-0.005800657,-0.8745506,0.8629494000000001,3.4445,0,4,92.1164,0,0.003008646,50.0,0.0,1.470493e-08,-0.001428599,0.03643315
84,-0.002403654,0.0,1.287608e-05,-0.003182373,0.0,1.0,-793.22,0.0203080273128542,682.3575,99000.0,99000.0,99000.0,99000,1,0,0,4,1,1.60569276385051,2,0,0,0,1,-0.00580047,-0.8745504999999999,0.8629495999999999,3.4445,0,4,92.1164,0,0.0029893140000000003,50.0,0.0,1.310296e-07,-0.001452636,0.03643315
85,-0.002336511,0.0,5.429229e-05,-0.003421971,0.0,1.0,-793.22,0.0203411514855881,682.3575,99000.0,99000.0,99000.0,99000,1,0,0,4,1,1.60569248785581,2,0,0,0,1,-0.005800283000000001,-0.8745503000000001,0.8629496999999999,3.4445,0,4,92.1164,0,0.002952009,50.0,0.0,-5.219097e-07,-0.001506253,0.03619346
86,-0.002308962,0.0,2.128521e-05,-0.0033293690000000004,0.0,1.0,-793.22,0.0203742242065502,682.3575,99000.0,99000.0,99000.0,99000,1,0,0,4,1,1.60569234224477,2,0,0,0,1,-0.005800116,-0.8745501,0.8629498999999999,3.4445,0,4,92.1164,0,0.002933486,50.0,0.0,-2.398623e-07,-0.001533219,0.03619346
87,-0.002285219,0.0,2.90061e-06,-0.003109558,0.0,1.0,-793.22,0.0204072421301951,682.3575,99000.0,99000.0,99000.0,99000,1,0,0,4,1,1.60569219932809,2,0,0,0,1,-0.005799736,-0.8745497,0.8629503000000001,3.4445,0,4,92.1164,0,0.002915165,50.0,0.0,-1.550642e-07,-0.0015589120000000002,0.03619346
88,-0.002256353,0.0,4.592861e-05,-0.002774878,0.0,1.0,-793.22,0.0204352499931496,682.3575,99000.0,99000.0,99000.0,99000,1,0,0,4,1,1.60569206640944,2,0,0,0,1,-0.005799542,-0.8745495999999999,0.8629504000000001,3.4445,0,4,92.11639,0,0.002897526,50.0,0.0,-1.253549e-06,-0.00158236,0.03595376
89,-0.002235585,0.0,2.97215e-05,-0.001826319,0.0,1.0,-793.22,0.0204746709109191,682.3575,99000.0,99000.0,99000.0,99000,1,0,0,4,1,1.6056917713491698,2,0,0,0,1,-0.005799372,-0.8745494,0.8629505999999999,3.4445,0,4,92.11639,0,0.002860701,50.0,0.0,-1.532184e-06,-0.001620282,0.03571407
90,-0.00220741,0.0,-0.0003056459,-0.001294929,0.0,1.0,-793.22,0.0205073828847148,682.3575,99000.0,99000.0,99000.0,99000,1,0,0,4,1,1.60569162746307,2,0,0,0,1,-0.005799166999999999,-0.8745492,0.8629509,3.4445,0,4,92.11639,0,0.0028429490000000004,50.0,0.0,-1.83317e-06,-0.001632564,0.03547438
91,-0.0022133770000000003,0.0,3.501525e-05,-0.000747002,0.0,1.0,-793.22,0.020539933266936,682.3575,99000.0,99000.0,99000.0,99000,1,0,0,4,1,1.6056914881566298,2,0,0,0,1,-0.005798986999999999,-0.874549,0.862951,3.4445,0,4,92.11639,0,0.002825544,50.0,0.0,-2.344766e-06,-0.001640515,0.03547438
92,-0.002207563,0.0,2.319999e-05,-0.0002064462,0.0,1.0,-793.22,0.0205722894181891,682.3575,99000.0,99000.0,99000.0,99000,1,0,0,4,1,1.60569133993281,2,0,0,0,1,-0.0057986190000000005,-0.8745485999999999,0.8629514000000001,3.4445,0,4,92.11639,0,0.0028078990000000004,50.0,0.0,-2.035696e-06,-0.0016441020000000002,0.03547438
93,-0.002193795,0.0,-5.602935e-06,0.0007820935,0.0,1.0,-793.22,0.0205980142900162,682.3575,99000.0,99000.0,99000.0,99000,1,0,0,4,1,1.6056910557019402,2,0,0,0,1,-0.005798421,-0.8745484,0.8629515999999999,3.4445,0,4,92.11639,0,0.002772786,50.0,0.0,-1.988291e-06,-0.001638875,0.03547438
94,-0.002187203,0.0,-2.9660879999999987e-06,0.001201979,0.0,1.0,-793.22,0.0206347154544777,682.3575,99000.0,99000.0,99000.0,99000,1,0,0,4,1,1.60569091749844,2,0,0,0,1,-0.005798225,-0.8745482,0.8629518,3.4445,0,4,92.11639,0,0.002755308,50.0,0.0,-2.025409e-06,-0.00163072,0.03547438
95,-0.002178923,0.0,4.801946e-06,0.001618729,0.0,1.0,-793.22,0.0206679137162451,682.3575,99000.0,99000.0,99000.0,99000,1,0,0,4,1,1.60569075499694,2,0,0,0,1,-0.005797841,-0.8745478000000001,0.8629522,3.4445,0,4,92.11639,0,0.002734621,50.0,0.0,-2.016396e-06,-0.001617057,0.03547438
96,-0.0021727820000000003,0.0,1.080581e-05,0.001848305,0.0,1.0,-793.22,0.0206992373112514,682.3575,99000.0,99000.0,99000.0,99000,1,0,0,4,1,1.60569064439944,2,0,0,0,1,-0.005797841,-0.8745478000000001,0.8629522,3.4445,0,4,92.11639,0,0.002720513,50.0,0.0,-1.963876e-06,-0.001605649,0.03547438
97,-0.002148688,0.0,5.375185000000001e-05,0.002212653,0.0,1.0,-793.22,0.0207302643369403,682.3574,99000.0,99000.0,99000.0,99000,1,0,0,4,1,1.60569036861287,2,0,0,0,1,-0.00579747,-0.8745475,0.8629525,3.4445,0,4,92.11639,0,0.002685941,50.0,0.0,-1.0082470000000002e-06,-0.001572555,0.03571407
98,-0.002145325,0.0,1.537708e-06,0.0022953170000000003,0.0,1.0,-793.22,0.0207609909003517,682.3574,99000.0,99000.0,99000.0,99000,1,0,0,4,1,1.6056902359926,2,0,0,0,1,-0.005797288,-0.8745473,0.8629527,3.4445,0,4,92.11639,0,0.002668797,50.0,0.0,-8.868424e-07,-0.001554375,0.03571407
99,-0.002134615,0.0,1.901561e-05,0.002307461,0.0,1.0,-793.22,0.0207914179944222,682.3574,99000.0,99000.0,99000.0,99000,1,0,0,4,1,1.60569010557701,2,0,0,0,1,-0.005797096999999999,-0.8745470999999999,0.8629529,3.4445,0,4,92.11639,0,0.002651717,50.0,0.0,-8.145446e-07,-0.001535861,0.03571407
100,-0.002120965,0.0,4.794109000000002e-05,0.002269596,0.0,1.0,-793.22,0.0208215510358585,682.3574,99000.0,99000.0,99000.0,99000,1,0,0,4,1,1.60568996556909,2,0,0,0,1,-0.005796739,-0.8745468000000001,0.8629532,3.4445,0,4,92.11639,0,0.0026346990000000003,50.0,0.0,6.058291999999999e-07,-0.001517489,0.03595376
101,-0.002097541,0.0,1.950215e-05,0.002075571,0.0,1.0,-793.22,0.0208513977313055,682.3574,99000.0,99000.0,99000.0,99000,1,0,0,4,1,1.6056897131151997,2,0,0,0,1,-0.005796541999999999,-0.8745465,0.8629535,3.4445,0,4,92.11639,0,0.002601028,50.0,0.0,5.319459e-07,-0.001482478,0.03595376
102,-0.0020890220000000003,0.0,0.0002790926,0.001935953,0.0,1.0,-793.22,0.0208736008023685,682.3574,99000.0,99000.0,99000.0,99000,1,0,0,4,1,1.60568957603455,2,0,0,0,1,-0.005796369,-0.8745463,0.8629536,3.4445,0,4,92.11639,0,0.002584287,50.0,0.0,1.75562e-06,-0.0014664,0.03619346
103,-0.002070314,0.0,-2.059149e-05,0.00179553,0.0,1.0,-793.22,0.0209058939683096,682.3574,99000.0,99000.0,99000.0,99000,1,0,0,4,1,1.60568945391785,2,0,0,0,1,-0.005796015,-0.8745459999999999,0.8629540000000001,3.4445,0,4,92.11639,0,0.002568772,50.0,0.0,1.892024e-06,-0.001452377,0.03619346
104,-0.00205781,0.0,3.487528e-06,0.001625001,0.0,1.0,-793.22,0.0209277337557796,682.3574,99000.0,99000.0,99000.0,99000,1,0,0,4,1,1.6056893194734498,2,0,0,0,1,-0.0057958440000000005,-0.8745459000000001,0.8629541,3.4445,0,4,92.11639,0,0.002551261,50.0,0.0,1.82543e-06,-0.00143782,0.03619346
105,-0.002041252,0.0,1.64366e-05,0.00142556,0.0,1.0,-793.22,0.0209378777760433,682.3574,99000.0,99000.0,99000.0,99000,1,0,0,4,1,1.60568915610813,2,0,0,0,1,-0.005795663,-0.8745456,0.8629543,3.4445,0,4,92.11639,0,0.002530806,50.0,0.0,1.947764e-06,-0.001422557,0.03619346
106,-0.002041252,0.0,1.64366e-05,0.00142556,0.0,1.0,-793.22,0.0209638265212191,682.3574,99000.0,99000.0,99000.0,99000,1,0,0,4,1,1.60568915610813,2,0,0,0,1,-0.005795446,-0.8745455,0.8629546,3.4445,0,4,92.11639,0,0.002530806,50.0,0.0,1.947764e-06,-0.001422557,0.03619346
107,-0.002041252,0.0,1.64366e-05,0.00142556,0.0,1.0,-793.22,0.0209924360494894,682.3574,99000.0,99000.0,99000.0,99000,1,0,0,4,1,1.60568915610813,2,0,0,0,1,-0.005795446,-0.8745455,0.8629546,3.4445,0,4,92.11639,0,0.002530806,50.0,0.0,1.947764e-06,-0.001422557,0.03619346
108,-0.002041252,0.0,1.64366e-05,0.00142556,0.0,1.0,-793.22,0.0210236462294207,682.3574,99000.0,99000.0,99000.0,99000,1,0,0,4,1,1.60568915610813,2,0,0,0,1,-0.005795446,-0.8745455,0.8629546,3.4445,0,4,92.11639,0,0.002530806,50.0,0.0,1.947764e-06,-0.001422557,0.03619346
109,-0.001985206,0.0,-5.782491e-06,0.000916129,0.0,1.0,-793.22,0.0210236462294207,682.3574,99000.0,99000.0,99000.0,99000,1,0,0,4,1,1.60568859184011,2,0,0,0,1,-0.005795446,-0.8745455,0.8629546,3.4445,0,4,92.11639,0,0.002463504,50.0,0.0,2.209243e-06,-0.001384155,0.03619346
110,-0.001985206,0.0,-5.782491e-06,0.000916129,0.0,1.0,-793.22,0.0210601919223562,682.3574,99000.0,99000.0,99000.0,99000,1,0,0,4,1,1.60568859184011,2,0,0,0,1,-0.005795446,-0.8745455,0.8629546,3.4445,0,4,92.11639,0,0.002463504,50.0,0.0,2.209243e-06,-0.001384155,0.03619346
111,-0.001985206,0.0,-5.782491e-06,0.000916129,0.0,1.0,-793.22,0.0210601919223562,682.3573,99000.0,99000.0,99000.0,99000,1,0,0,4,1,1.60568859184011,2,0,0,0,1,-0.00579469,-0.8745447000000001,0.8629553,3.4445,0,4,92.11638,0,0.002463504,50.0,0.0,2.209243e-06,-0.001384155,0.03619346
112,-0.001985206,0.0,-5.782491e-06,0.000916129,0.0,1.0,-793.22,0.0211032994008499,682.3573,99000.0,99000.0,99000.0,99000,1,0,0,4,1,1.60568859184011,2,0,0,0,1,-0.00579469,-0.8745447000000001,0.8629553,3.4445,0,4,92.11638,0,0.002463504,50.0,0.0,2.209243e-06,-0.001384155,0.03619346
113,-0.001985206,0.0,-5.782491e-06,0.000916129,0.0,1.0,-793.22,0.0211032994008499,682.3573,99000.0,99000.0,99000.0,99000,1,0,0,4,1,1.60568859184011,2,0,0,0,1,-0.00579469,-0.8745447000000001,0.8629553,3.4445,0,4,92.11638,0,0.002463504,50.0,0.0,2.209243e-06,-0.001384155,0.03619346
114,-0.001985206,0.0,-5.782491e-06,0.000916129,0.0,1.0,-793.22,0.0211568244162404,682.3573,99000.0,99000.0,99000.0,99000,1,0,0,4,1,1.60568859184011,2,0,0,0,1,-0.00579469,-0.8745447000000001,0.8629553,3.4445,0,4,92.11638,0,0.002463504,50.0,0.0,2.209243e-06,-0.001384155,0.03619346
115,-0.001985206,0.0,-5.782491e-06,0.000916129,0.0,1.0,-793.22,0.0211568244162404,682.3573,99000.0,99000.0,99000.0,99000,1,0,0,4,1,1.60568859184011,2,0,0,0,1,-0.00579469,-0.8745447000000001,0.8629553,3.4445,0,4,92.11638,0,0.002463504,50.0,0.0,2.209243e-06,-0.001384155,0.03619346
116,-0.001885322,0.0,-2.309802000000001e-05,0.0009427416,0.0,1.0,-793.22,0.0212095615894992,682.3573,99000.0,99000.0,99000.0,99000,1,0,0,4,1,1.6056874510446295,2,0,0,0,1,-0.00579469,-0.8745447000000001,0.8629553,3.4445,0,4,92.11638,0,0.002333226,50.0,0.0,8.544452e-08,-0.001327842,0.03571407
117,-0.001885322,0.0,-2.309802000000001e-05,0.0009427416,0.0,1.0,-793.22,0.0212509103626079,682.3573,99000.0,99000.0,99000.0,99000,1,0,0,4,1,1.6056874510446295,2,0,0,0,1,-0.00579469,-0.8745447000000001,0.8629553,3.4445,0,4,92.11638,0,0.002333226,50.0,0.0,8.544452e-08,-0.001327842,0.03571407
118,-0.001885322,0.0,-2.309802000000001e-05,0.0009427416,0.0,1.0,-793.22,0.0213061058554324,682.3573,99000.0,99000.0,99000.0,99000,1,0,0,4,1,1.6056874510446295,2,0,0,0,1,-0.00579469,-0.8745447000000001,0.8629553,3.4445,0,4,92.11638,0,0.002333226,50.0,0.0,8.544452e-08,-0.001327842,0.03571407
119,-0.001828972,0.0,-8.530818999999999e-05,0.001262747,0.0,1.0,-793.22,0.0213487934398952,682.3572,99000.0,99000.0,99000.0,99000,1,0,0,4,1,1.60568675072735,2,0,0,0,1,-0.005793105,-0.8745431,0.8629568999999999,3.4445,0,4,92.11637,0,0.002255357,50.0,0.0,-1.217829e-06,-0.001281108,0.03523469
120,-0.001819844,0.0,2.259124e-05,0.001317244,0.0,1.0,-793.22,0.0213743688065262,682.3572,99000.0,99000.0,99000.0,99000,1,0,0,4,1,1.60568659872138,2,0,0,0,1,-0.005793105,-0.8745431,0.8629568999999999,3.4445,0,4,92.11637,0,0.002238947,50.0,0.0,-1.214493e-06,-0.001269433,0.03523469
121,-0.001813613,0.0,0.0002717336,0.001352563,0.0,1.0,-793.22,0.0213984576033485,682.3572,99000.0,99000.0,99000.0,99000,1,0,0,4,1,1.6056864553903,2,0,0,0,1,-0.005791937,-0.8745419,0.8629581000000001,3.4445,0,4,92.11637,0,0.002224403,50.0,0.0,-2.266811e-08,-0.001258711,0.03547438
122,-0.001789464,0.0,-1.7968370000000007e-05,0.00140586,0.0,1.0,-793.22,0.0214248459852224,682.3572,99000.0,99000.0,99000.0,99000,1,0,0,4,1,1.6056862051011398,2,0,0,0,1,-0.005791739000000001,-0.8745417999999999,0.8629583000000001,3.4445,0,4,92.11637,0,0.002196601,50.0,0.0,-3.025426e-07,-0.001237185,0.03547438
123,-0.001779106,0.0,6.361836e-06,0.0014180389999999998,0.0,1.0,-793.22,0.0214485079191478,682.3571,99000.0,99000.0,99000.0,99000,1,0,0,4,1,1.60568606859753,2,0,0,0,1,-0.005791381,-0.8745414,0.8629585999999999,3.4445,0,4,92.11636,0,0.002181457,50.0,0.0,-3.369703e-07,-0.001225138,0.03547438
124,-0.0017698820000000004,0.0,1.773763e-05,0.001420791,0.0,1.0,-793.22,0.0214731972949977,682.3571,99000.0,99000.0,99000.0,99000,1,0,0,4,1,1.6056859462424695,2,0,0,0,1,-0.005791381,-0.8745414,0.8629585999999999,3.4445,0,4,92.11636,0,0.002168167,50.0,0.0,-2.386199e-07,-0.001214458,0.03547438
125,-0.001760066,0.0,2.309465e-05,0.00141684,0.0,1.0,-793.22,0.0214976645925903,682.3571,99000.0,99000.0,99000.0,99000,1,0,0,4,1,1.6056858144884398,2,0,0,0,1,-0.005791032,-0.874541,0.862959,3.4445,0,4,92.11636,0,0.002154066,50.0,0.0,-7.012911e-08,-0.001203074,0.03547438
126,-0.0017396929999999998,0.0,-2.409471e-05,0.001392363,0.0,1.0,-793.22,0.0215219120207117,682.3571,99000.0,99000.0,99000.0,99000,1,0,0,4,1,1.60568554800168,2,0,0,0,1,-0.005790857,-0.8745409,0.8629591000000001,3.4445,0,4,92.11636,0,0.002126092,50.0,0.0,1.100343e-06,-0.001180543,0.03571407
127,-0.001730844,0.0,2.946553e-06,0.001373213,0.0,1.0,-793.22,0.021545941518009,682.3571,99000.0,99000.0,99000.0,99000,1,0,0,4,1,1.6056854218006995,2,0,0,0,1,-0.005790661,-0.8745407,0.8629593000000001,3.4445,0,4,92.11636,0,0.002112227,50.0,0.0,1.036488e-06,-0.001169454,0.03571407
128,-0.001715972,0.0,-1.985836e-05,0.001351759,0.0,1.0,-793.22,0.0215697556547517,682.3571,99000.0,99000.0,99000.0,99000,1,0,0,4,1,1.6056852867153,2,0,0,0,1,-0.005790484,-0.8745405,0.8629594999999999,3.4445,0,4,92.11636,0,0.002098419,50.0,0.0,2.02708e-06,-0.001158552,0.03595376
129,-0.00172331,0.0,0.0002815013,0.001316562,0.0,1.0,-793.22,0.0215933570601207,682.3571,99000.0,99000.0,99000.0,99000,1,0,0,4,1,1.6056851508600605,2,0,0,0,1,-0.00579012,-0.8745402,0.8629599,3.4445,0,4,92.11636,0,0.002083821,50.0,0.0,2.494948e-06,-0.001147155,0.03619346
130,-0.001692295,0.0,-1.945122e-05,0.001281234,0.0,1.0,-793.22,0.0216120866406255,682.3571,99000.0,99000.0,99000.0,99000,1,0,0,4,1,1.60568490697766,2,0,0,0,1,-0.005789931,-0.8745398999999999,0.8629600000000001,3.4445,0,4,92.11636,0,0.002057511,50.0,0.0,2.633068e-06,-0.001126911,0.03619346
131,-0.00168195,0.0,3.96481e-06,0.001255956,0.0,1.0,-793.22,0.0216399312881406,682.3571,99000.0,99000.0,99000.0,99000,1,0,0,4,1,1.60568476425818,2,0,0,0,1,-0.005789743000000001,-0.8745396999999999,0.8629603000000001,3.4445,0,4,92.11636,0,0.002042344,50.0,0.0,2.589249e-06,-0.001115473,0.03619346
132,-0.0016731379999999998,0.0,8.609430999999999e-06,0.001236696,0.0,1.0,-793.22,0.0216583294724213,682.3571,99000.0,99000.0,99000.0,99000,1,0,0,4,1,1.6056846418596202,2,0,0,0,1,-0.005789584,-0.8745396000000001,0.8629604,3.4445,0,4,92.11636,0,0.002029778,50.0,0.0,2.6440120000000003e-06,-0.001106108,0.03619346
133,-0.001668998,0.0,0.0002625373,0.001215525,0.0,1.0,-793.22,0.0216765972778955,682.3571,99000.0,99000.0,99000.0,99000,1,0,0,4,1,1.6056845111070202,2,0,0,0,1,-0.005789584,-0.8745396000000001,0.8629604,3.4445,0,4,92.11636,0,0.002017225,50.0,0.0,3.749405e-06,-0.0010969,0.03643315
134,-0.001668998,0.0,0.0002625373,0.001215525,0.0,1.0,-793.22,0.0217003773874604,682.357,99000.0,99000.0,99000.0,99000,1,0,0,4,1,1.6056845111070202,2,0,0,0,1,-0.005789045,-0.874539,0.8629609,3.4445,0,4,92.11636,0,0.002017225,50.0,0.0,3.749405e-06,-0.0010969,0.03643315
135,-0.0016455279999999998,0.0,-2.8224959999999995e-05,0.00119067,0.0,1.0,-793.22,0.0217217021454505,682.357,99000.0,99000.0,99000.0,99000,1,0,0,4,1,1.60568425408294,2,0,0,0,1,-0.005789045,-0.874539,0.8629609,3.4445,0,4,92.11636,0,0.001990823,50.0,0.0,3.255095e-06,-0.001077595,0.03643315
136,-0.0016455279999999998,0.0,-2.8224959999999995e-05,0.00119067,0.0,1.0,-793.22,0.0217350777704267,682.357,99000.0,99000.0,99000.0,99000,1,0,0,4,1,1.60568425408294,2,0,0,0,1,-0.005788678,-0.8745386999999999,0.8629614,3.4445,0,4,92.11636,0,0.001990823,50.0,0.0,3.255095e-06,-0.001077595,0.03643315
137,-0.001622545,0.0,-1.6174229999999994e-05,0.001168744,0.0,1.0,-793.22,0.0217747779804052,682.357,99000.0,99000.0,99000.0,99000,1,0,0,4,1,1.6056839237389902,2,0,0,0,1,-0.005788678,-0.8745386999999999,0.8629614,3.4445,0,4,92.11636,0,0.001958179,50.0,0.0,2.896038e-06,-0.001053977,0.03643315
138,-0.00160237,0.0,-9.808779e-06,0.001161673,0.0,1.0,-793.22,0.0217965587375887,682.357,99000.0,99000.0,99000.0,99000,1,0,0,4,1,1.60568361953927,2,0,0,0,1,-0.005788221999999999,-0.8745381999999999,0.8629618,3.4445,0,4,92.11636,0,0.001929194,50.0,0.0,2.095522e-06,-0.001032995,0.03619346
139,-0.001593142,0.0,-2.583345e-05,0.001160747,0.0,1.0,-793.22,0.0218181444379156,682.3569,99000.0,99000.0,99000.0,99000,1,0,0,4,1,1.60568348097264,2,0,0,0,1,-0.005787808,-0.8745378,0.8629621999999999,3.4445,0,4,92.11635,0,0.001916426,50.0,0.0,1.942502e-06,-0.001023686,0.03619346
140,-0.00158422,0.0,-3.366398e-05,0.001160632,0.0,1.0,-793.22,0.0218384712141628,682.3569,99000.0,99000.0,99000.0,99000,1,0,0,4,1,1.6056833437213898,2,0,0,0,1,-0.005787615,-0.8745376,0.8629624,3.4445,0,4,92.11635,0,0.001903729,50.0,0.0,1.698439e-06,-0.00101438,0.03619346
141,-0.001566605,0.0,-7.396437e-05,0.001163002,0.0,1.0,-793.22,0.0218596796929487,682.3569,99000.0,99000.0,99000.0,99000,1,0,0,4,1,1.60568308047702,2,0,0,0,1,-0.005787615,-0.8745376,0.8629624,3.4445,0,4,92.11635,0,0.001879325,50.0,0.0,1.882539e-06,-0.0009963611,0.03643315
142,-0.001575945,0.0,0.0002567242,0.001149359,0.0,1.0,-793.22,0.0218775557672284,682.3569,99000.0,99000.0,99000.0,99000,1,0,0,4,1,1.60568294890345,2,0,0,0,1,-0.005787026,-0.8745371,0.8629629999999999,3.4445,0,4,92.11635,0,0.001866803,50.0,0.0,1.904277e-06,-0.0009870386,0.03667284
143,-0.0015474579999999998,0.0,-6.371213000000001e-05,0.001166212,0.0,1.0,-793.22,0.0219046284357147,682.3569,99000.0,99000.0,99000.0,99000,1,0,0,4,1,1.6056828075891598,2,0,0,0,1,-0.005787026,-0.8745371,0.8629629999999999,3.4445,0,4,92.11635,0,0.001853638,50.0,0.0,1.811621e-06,-0.0009771319,0.03667284
144,-0.001532318,0.0,-9.712845e-05,0.001166553,0.0,1.0,-793.22,0.0219242091121833,682.3569,99000.0,99000.0,99000.0,99000,1,0,0,4,1,1.6056826473636698,2,0,0,0,1,-0.005786625,-0.8745366,0.8629634,3.4445,0,4,92.11635,0,0.001838968,50.0,0.0,2.642999e-06,-0.0009660562,0.03691253
145,-0.0015208720000000002,0.0,-6.697478e-05,0.001165228,0.0,1.0,-793.22,0.0219405658994205,682.3569,99000.0,99000.0,99000.0,99000,1,0,0,4,1,1.60568240377658,2,0,0,0,1,-0.00578638,-0.8745364,0.8629636,3.4445,0,4,92.11635,0,0.001815276,50.0,0.0,2.577668e-06,-0.0009479717,0.03715222
146,-0.001532279,0.0,0.0002813814,0.001147644,0.0,1.0,-793.22,0.0219608424594255,682.3569,99000.0,99000.0,99000.0,99000,1,0,0,4,1,1.6056822851115302,2,0,0,0,1,-0.005786211,-0.8745361999999999,0.8629638000000001,3.4445,0,4,92.11634,0,0.001803867,50.0,0.0,2.733088e-06,-0.0009392349,0.03739192
147,-0.001504007,0.0,-4.349071e-05,0.001158971,0.0,1.0,-793.22,0.0219809322903515,682.3569,99000.0,99000.0,99000.0,99000,1,0,0,4,1,1.6056821521401798,2,0,0,0,1,-0.005786013,-0.8745360000000001,0.862964,3.4445,0,4,92.11634,0,0.001791821,50.0,0.0,3.17171e-06,-0.0009299541,0.03739192
148,-0.001496242,0.0,-2.422358e-05,0.001153248,0.0,1.0,-793.22,0.0220047951214412,682.3568,99000.0,99000.0,99000.0,99000,1,0,0,4,1,1.60568201107981,2,0,0,0,1,-0.005785646,-0.8745356,0.8629643,3.4445,0,4,92.11634,0,0.001778331,50.0,0.0,2.79223e-06,-0.0009195305,0.03739192
149,-0.001480722,0.0,3.1650040000000003e-07,0.001141203,0.0,1.0,-793.22,0.0220244782442753,682.3568,99000.0,99000.0,99000.0,99000,1,0,0,4,1,1.60568176214248,2,0,0,0,1,-0.005785446999999999,-0.8745354,0.8629646000000001,3.4445,0,4,92.11634,0,0.0017560229999999998,50.0,0.0,2.685209e-06,-0.000902293,0.03739192
150,-0.0014724439999999998,0.0,-1.996442e-06,0.0011338160000000002,0.0,1.0,-793.22,0.0220400931546364,682.3568,99000.0,99000.0,99000.0,99000,1,0,0,4,1,1.60568162512072,2,0,0,0,1,-0.005785289,-0.8745353000000001,0.8629646999999999,3.4445,0,4,92.11634,0,0.00174422,50.0,0.0,2.681921e-06,-0.0008931789999999998,0.03739192
151,-0.001464203,0.0,-7.955264e-06,0.001125734,0.0,1.0,-793.22,0.0220632979326292,682.3568,99000.0,99000.0,99000.0,99000,1,0,0,4,1,1.60568148665431,2,0,0,0,1,-0.005785106,-0.8745351,0.8629648999999999,3.4445,0,4,92.11634,0,0.001732483,50.0,0.0,2.642181e-06,-0.0008841275,0.03739192
152,-0.001456036,0.0,-1.47713e-05,0.001116981,0.0,1.0,-793.22,0.0220757590758759,682.3568,99000.0,99000.0,99000.0,99000,1,0,0,4,1,1.60568134737902,2,0,0,0,1,-0.005784727,-0.8745347,0.8629653,3.4445,0,4,92.11634,0,0.0017208120000000002,50.0,0.0,2.5497900000000003e-06,-0.0008751438,0.03739192
153,-0.001433639,0.0,-0.0003232622,0.001090447,0.0,1.0,-793.22,0.0221013990782072,682.3568,99000.0,99000.0,99000.0,99000,1,0,0,4,1,1.60568121007537,2,0,0,0,1,-0.0057845330000000006,-0.8745344999999999,0.8629655,3.4445,0,4,92.11634,0,0.001709239,50.0,0.0,1.911263e-06,-0.0008662422999999999,0.03715222
154,-0.001435468,0.0,-4.631149e-06,0.001092224,0.0,1.0,-793.22,0.0221201837748501,682.3568,99000.0,99000.0,99000.0,99000,1,0,0,4,1,1.60568098925497,2,0,0,0,1,-0.005784343000000001,-0.8745344,0.8629655999999999,3.4445,0,4,92.11633,0,0.001691207,50.0,0.0,1.571906e-06,-0.0008524946000000001,0.03715222
155,-0.001419619,0.0,-3.328636e-05,0.001072917,0.0,1.0,-793.22,0.0221387932644533,682.3568,99000.0,99000.0,99000.0,99000,1,0,0,4,1,1.60568071148925,2,0,0,0,1,-0.005784043000000001,-0.8745341,0.8629659,3.4445,0,4,92.11633,0,0.001669097,50.0,0.0,1.233723e-06,-0.0008356937,0.03715222
156,-0.001411606,0.0,-3.639463e-05,0.001063043,0.0,1.0,-793.22,0.0221572290526452,682.3568,99000.0,99000.0,99000.0,99000,1,0,0,4,1,1.60568057033124,2,0,0,0,1,-0.005783852,-0.8745338,0.8629661,3.4445,0,4,92.11633,0,0.001657781,50.0,0.0,9.505842e-07,-0.0008271395,0.03715222
157,-0.0014036220000000002,0.0,-3.505408e-05,0.001053345,0.0,1.0,-793.22,0.022175492624491,682.3568,99000.0,99000.0,99000.0,99000,1,0,0,4,1,1.6056804299234,2,0,0,0,1,-0.005783447,-0.8745335,0.8629665000000001,3.4445,0,4,92.11633,0,0.001646528,50.0,0.0,6.632e-07,-0.0008186639,0.03715222
158,-0.001393208,0.0,-2.986954e-05,0.001041094,0.0,1.0,-793.22,0.0221890781630928,682.3567,99000.0,99000.0,99000.0,99000,1,0,0,4,1,1.60568024620244,2,0,0,0,1,-0.005783246,-0.8745332,0.8629667999999999,3.4445,0,4,92.11633,0,0.001631856,50.0,0.0,3.216646e-07,-0.0008076555000000001,0.03715222
159,-0.001384349,0.0,-2.408701e-05,0.001031074,0.0,1.0,-793.22,0.0222115089455025,682.3567,99000.0,99000.0,99000.0,99000,1,0,0,4,1,1.6056800889163203,2,0,0,0,1,-0.0057829840000000006,-0.874533,0.862967,3.4445,0,4,92.11633,0,0.001619366,50.0,0.0,8.007682e-08,-0.00079832,0.03715222
160,-0.0013750560000000002,0.0,-1.771335e-05,0.001020935,0.0,1.0,-793.22,0.0222292648512724,682.3567,99000.0,99000.0,99000.0,99000,1,0,0,4,1,1.60567992289098,2,0,0,0,1,-0.0057829840000000006,-0.874533,0.862967,3.4445,0,4,92.11633,0,0.001606268,50.0,0.0,-1.165723e-07,-0.0007885619999999999,0.03715222
161,-0.001362173,0.0,4.057256e-05,0.001006567,0.0,1.0,-793.22,0.0222459783790498,682.3567,99000.0,99000.0,99000.0,99000,1,0,0,4,1,1.60567967079988,2,0,0,0,1,-0.005782526,-0.8745325,0.8629674999999999,3.4445,0,4,92.11633,0,0.001586455,50.0,0.0,-1.10506e-06,-0.0007738791,0.03691253
162,-0.0013518920000000002,0.0,6.405503000000001e-05,0.0009989556,0.0,1.0,-793.22,0.0222634104999213,682.3567,99000.0,99000.0,99000.0,99000,1,0,0,4,1,1.6056795177855,2,0,0,0,1,-0.005782374,-0.8745324000000001,0.8629676,3.4445,0,4,92.11633,0,0.001575579,50.0,0.0,-6.562829e-08,-0.0007658717,0.03715222
163,-0.00134498,0.0,-2.949431e-05,0.0009922732,0.0,1.0,-793.22,0.0222806786404651,682.3567,99000.0,99000.0,99000.0,99000,1,0,0,4,1,1.6056793784887,2,0,0,0,1,-0.005781975,-0.874532,0.8629680000000001,3.4445,0,4,92.11633,0,0.0015648079999999998,50.0,0.0,-2.415634e-07,-0.0007578955,0.03715222
164,-0.001337829,0.0,-1.236316e-05,0.0009852593,0.0,1.0,-793.22,0.0222977840518549,682.3566,99000.0,99000.0,99000.0,99000,1,0,0,4,1,1.60567924124041,2,0,0,0,1,-0.0057817730000000005,-0.8745316999999999,0.8629681999999999,3.4445,0,4,92.11633,0,0.001554083,50.0,0.0,-4.058206e-07,-0.0007499766000000001,0.03715222
165,-0.0013408679999999998,0.0,0.0003132682,0.000955886,0.0,1.0,-793.22,0.0223147277562268,682.3566,99000.0,99000.0,99000.0,99000,1,0,0,4,1,1.6056789611649098,2,0,0,0,1,-0.00578158,-0.8745315999999999,0.8629684000000001,3.4445,0,4,92.11633,0,0.001532776,50.0,0.0,8.876502999999998e-08,-0.0007343164,0.03739192
166,-0.001309505,0.0,-7.617699e-05,0.0009647411,0.0,1.0,-793.22,0.0223315115986792,682.3566,99000.0,99000.0,99000.0,99000,1,0,0,4,1,1.60567881562611,2,0,0,0,1,-0.005781375,-0.8745314000000001,0.8629686,3.4445,0,4,92.11633,0,0.001522248,50.0,0.0,1.043929e-06,-0.0007265853999999999,0.03739192
167,-0.001307367,0.0,-3.4188190000000005e-05,0.0009577621,0.0,1.0,-793.22,0.0223481368253944,682.3566,99000.0,99000.0,99000.0,99000,1,0,0,4,1,1.60567868717346,2,0,0,0,1,-0.005780971,-0.874531,0.8629690000000001,3.4445,0,4,92.11633,0,0.001511774,50.0,0.0,6.236299e-07,-0.0007188869,0.03739192
168,-0.00130341,0.0,2.081071e-05,0.0009506057,0.0,1.0,-793.22,0.0223646041259068,682.3566,99000.0,99000.0,99000.0,99000,1,0,0,4,1,1.6056785598951,2,0,0,0,1,-0.005780784000000001,-0.8745308,0.8629691999999999,3.4445,0,4,92.11633,0,0.0015013670000000002,50.0,0.0,-2.8816409999999995e-07,-0.0007112741000000001,0.03715222
169,-0.001281155,0.0,-3.50584e-05,0.0009371403,0.0,1.0,-793.22,0.0223809152411201,682.3566,99000.0,99000.0,99000.0,99000,1,0,0,4,1,1.60567826937955,2,0,0,0,1,-0.005780615,-0.8745306,0.8629694,3.4445,0,4,92.11633,0,0.001480668,50.0,0.0,1.3591159999999998e-06,-0.000696186,0.03739192
170,-0.001277754,0.0,-2.107395e-05,0.0009300166,0.0,1.0,-793.22,0.0223970712921026,682.3566,99000.0,99000.0,99000.0,99000,1,0,0,4,1,1.60567813688497,2,0,0,0,1,-0.005780421,-0.8745304,0.8629696,3.4445,0,4,92.11633,0,0.00147043,50.0,0.0,1.094238e-06,-0.0006887094,0.03739192
171,-0.001270546,0.0,-3.4667e-06,0.0009224553,0.0,1.0,-793.22,0.0224130735220832,682.3566,99000.0,99000.0,99000.0,99000,1,0,0,4,1,1.60567800189717,2,0,0,0,1,-0.005780016999999999,-0.8745299999999999,0.8629700000000001,3.4445,0,4,92.11633,0,0.001460243,50.0,0.0,1.001585e-06,-0.0006812926,0.03739192
172,-0.001263286,0.0,5.349094e-06,0.0009147538,0.0,1.0,-793.22,0.0224289232161375,682.3566,99000.0,99000.0,99000.0,99000,1,0,0,4,1,1.60567786439343,2,0,0,0,1,-0.005779828000000001,-0.8745298,0.8629701999999999,3.4445,0,4,92.11633,0,0.001450114,50.0,0.0,1.017351e-06,-0.0006739371,0.03739192
173,-0.001266281,0.0,0.000299497,0.0008841971,0.0,1.0,-793.22,0.0224446214940722,682.3566,99000.0,99000.0,99000.0,99000,1,0,0,4,1,1.6056775828850298,2,0,0,0,1,-0.005779638,-0.8745296999999999,0.8629704,3.4445,0,4,92.11633,0,0.001429994,50.0,0.0,1.609407e-06,-0.0006594199,0.03763161
174,-0.001240324,0.0,-3.375216e-05,0.0008919372,0.0,1.0,-793.22,0.0224609435180123,682.3566,99000.0,99000.0,99000.0,99000,1,0,0,4,1,1.60567743964884,2,0,0,0,1,-0.005779446,-0.8745294,0.8629705,3.4445,0,4,92.11633,0,0.00142006,50.0,0.0,2.091687e-06,-0.0006522702,0.03763161
175,-0.001233259,0.0,-2.510765e-05,0.0008829323,0.0,1.0,-793.22,0.0224755698359785,682.3565,99000.0,99000.0,99000.0,99000,1,0,0,4,1,1.6056772896153302,2,0,0,0,1,-0.005779035,-0.8745291,0.8629709000000001,3.4445,0,4,92.11633,0,0.001408935,50.0,0.0,1.7742509999999996e-06,-0.0006442762,0.03763161
176,-0.001227183,0.0,-9.997e-06,0.00087575,0.0,1.0,-793.22,0.0224908222225206,682.3565,99000.0,99000.0,99000.0,99000,1,0,0,4,1,1.60567717049417,2,0,0,0,1,-0.00577882,-0.8745288,0.8629711999999999,3.4445,0,4,92.11633,0,0.001400328,50.0,0.0,1.660366e-06,-0.000638116,0.03763161
177,-0.001207062,0.0,4.46939e-05,0.0008553504,0.0,1.0,-793.22,0.0225051765919465,682.3565,99000.0,99000.0,99000.0,99000,1,0,0,4,1,1.60567688723524,2,0,0,0,1,-0.005778653000000001,-0.8745286,0.8629713999999999,3.4445,0,4,92.11633,0,0.001380788,50.0,0.0,2.302587e-06,-0.000624245,0.0378713
178,-0.001205499,0.0,-2.8399109999999994e-05,0.0008525155,0.0,1.0,-793.22,0.0225208897368386,682.3565,99000.0,99000.0,99000.0,99000,1,0,0,4,1,1.60567675763908,2,0,0,0,1,-0.0057784590000000005,-0.8745284999999999,0.8629715,3.4445,0,4,92.11633,0,0.001371741,50.0,0.0,2.172336e-06,-0.0006178241,0.0378713
179,-0.001186715,0.0,-2.205786e-05,0.0008428505,0.0,1.0,-793.22,0.0225349701068187,682.3565,99000.0,99000.0,99000.0,99000,1,0,0,4,1,1.60567661212248,2,0,0,0,1,-0.0057782530000000006,-0.8745282,0.8629716999999999,3.4445,0,4,92.11633,0,0.001362086,50.0,0.0,3.237345e-06,-0.0006110562,0.03811099
180,-0.001191293,0.0,-5.721801e-05,0.0008367194,0.0,1.0,-793.22,0.0225503829830547,682.3565,99000.0,99000.0,99000.0,99000,1,0,0,4,1,1.60567647256838,2,0,0,0,1,-0.005777849,-0.8745279,0.8629720999999999,3.4445,0,4,92.11632,0,0.00135196,50.0,0.0,2.69568e-06,-0.0006039061,0.03811099
181,-0.00118046,0.0,2.071962e-05,0.0008261144,0.0,1.0,-793.22,0.0225627461737986,682.3564,99000.0,99000.0,99000.0,99000,1,0,0,4,1,1.60567631584799,2,0,0,0,1,-0.005777641,-0.8745276,0.8629724,3.4445,0,4,92.11632,0,0.001341247,50.0,0.0,3.280004e-06,-0.0005964363,0.03835068
182,-0.001188626,0.0,0.0002784789,0.0007982022,0.0,1.0,-793.22,0.0225778785123205,682.3564,99000.0,99000.0,99000.0,99000,1,0,0,4,1,1.60567605463628,2,0,0,0,1,-0.005777409,-0.8745274,0.8629726000000001,3.4445,0,4,92.11632,0,0.001322993,50.0,0.0,3.210268e-06,-0.0005837209,0.03859038
183,-0.001162579,0.0,-4.335594e-05,0.0008051102999999999,0.0,1.0,-793.22,0.0225914379435548,682.3564,99000.0,99000.0,99000.0,99000,1,0,0,4,1,1.60567590525841,2,0,0,0,1,-0.005777409,-0.8745274,0.8629726000000001,3.4445,0,4,92.11632,0,0.001313099,50.0,0.0,3.567086e-06,-0.0005768607,0.03859038
184,-0.001156835,0.0,-3.971809e-05,0.0007978955,0.0,1.0,-793.22,0.0226069831767098,682.3564,99000.0,99000.0,99000.0,99000,1,0,0,4,1,1.60567578090974,2,0,0,0,1,-0.005777029,-0.874527,0.862973,3.4445,0,4,92.11632,0,0.001304408,50.0,0.0,3.183303000000001e-06,-0.0005708452999999999,0.03859038
185,-0.001142728,0.0,-1.305187e-05,0.0007815936999999999,0.0,1.0,-793.22,0.0226195791210733,682.3564,99000.0,99000.0,99000.0,99000,1,0,0,4,1,1.6056754856187498,2,0,0,0,1,-0.005776623000000001,-0.8745265999999999,0.8629734,3.4445,0,4,92.11632,0,0.00128487,50.0,0.0,2.827515e-06,-0.0005574127,0.03859038
186,-0.001128643,0.0,4.650536e-06,0.0007733857,0.0,1.0,-793.22,0.0226362034455868,682.3564,99000.0,99000.0,99000.0,99000,1,0,0,4,1,1.60567535316278,2,0,0,0,1,-0.005776428,-0.8745264000000001,0.8629735999999999,3.4445,0,4,92.11632,0,0.001276861,50.0,0.0,3.786222e-06,-0.000551985,0.03883006
187,-0.001129734,0.0,-5.322858e-05,0.0007684405000000001,0.0,1.0,-793.22,0.0226471791710997,682.3564,99000.0,99000.0,99000.0,99000,1,0,0,4,1,1.60567521511849,2,0,0,0,1,-0.005776205,-0.8745261999999999,0.8629738000000001,3.4445,0,4,92.11632,0,0.001267822,50.0,0.0,3.356353e-06,-0.0005458077,0.03883006
188,-0.001123318,0.0,-4.082855e-05,0.0007608986,0.0,1.0,-793.22,0.0226634835455079,682.3564,99000.0,99000.0,99000.0,99000,1,0,0,4,1,1.60567507685419,2,0,0,0,1,-0.005775804,-0.8745258,0.8629742,3.4445,0,4,92.11632,0,0.001258815,50.0,0.0,2.96795e-06,-0.0005396868,0.03883006
189,-0.0011179789999999998,0.0,-3.577395e-05,0.0007459402999999999,0.0,1.0,-793.22,0.0226775945689784,682.3564,99000.0,99000.0,99000.0,99000,1,0,0,4,1,1.60567480015031,2,0,0,0,1,-0.005775603000000001,-0.8745255999999999,0.8629744,3.4445,0,4,92.11631,0,0.001240989,50.0,0.0,1.320428e-06,-0.0005276508,0.03859038
190,-0.001121692,0.0,0.0003135052,0.0007236047999999999,0.0,1.0,-793.22,0.0226902376064644,682.3564,99000.0,99000.0,99000.0,99000,1,0,0,4,1,1.6056746362142,2,0,0,0,1,-0.0057753990000000005,-0.8745254000000001,0.8629745999999999,3.4445,0,4,92.11631,0,0.001231526,50.0,0.0,1.962151e-06,-0.000521344,0.03883006
191,-0.001095118,0.0,-4.492535e-05,0.0007325681,0.0,1.0,-793.22,0.022703420235215,682.3564,99000.0,99000.0,99000.0,99000,1,0,0,4,1,1.6056744897323898,2,0,0,0,1,-0.005774989,-0.874525,0.862975,3.4445,0,4,92.11631,0,0.001223296,50.0,0.0,2.454875e-06,-0.0005158443,0.03883006
192,-0.001084012,0.0,-4.289935e-05,0.0007180871000000001,0.0,1.0,-793.22,0.0227164747507611,682.3564,99000.0,99000.0,99000.0,99000,1,0,0,4,1,1.6056742039837302,2,0,0,0,1,-0.00577477,-0.8745248,0.8629752,3.4445,0,4,92.11631,0,0.001205863,50.0,0.0,1.5665690000000004e-06,-0.0005042325,0.03883006
193,-0.001077582,0.0,-3.403008e-05,0.0007108428,0.0,1.0,-793.22,0.0227294022873748,682.3564,99000.0,99000.0,99000.0,99000,1,0,0,4,1,1.6056740592961698,2,0,0,0,1,-0.00577477,-0.8745248,0.8629752,3.4445,0,4,92.11631,0,0.00119722,50.0,0.0,1.264376e-06,-0.0004985139,0.03883006
194,-0.001071159,0.0,-2.859421e-05,0.0007036375,0.0,1.0,-793.22,0.0227422039785149,682.3563,99000.0,99000.0,99000.0,99000,1,0,0,4,1,1.60567391365583,2,0,0,0,1,-0.005774349,-0.8745244000000001,0.8629757,3.4445,0,4,92.11631,0,0.001188629,50.0,0.0,1.016975e-06,-0.0004928532,0.03883006
195,-0.001064757,0.0,-2.484369e-05,0.0006964793,0.0,1.0,-793.22,0.0227523554792896,682.3563,99000.0,99000.0,99000.0,99000,1,0,0,4,1,1.60567376739007,2,0,0,0,1,-0.005773928,-0.8745238999999999,0.8629761,3.4445,0,4,92.11631,0,0.0011800889999999998,50.0,0.0,8.050701e-07,-0.00048725,0.03883006
196,-0.001058382,0.0,-2.185429e-05,0.0006893762,0.0,1.0,-793.22,0.0227668094536162,682.3563,99000.0,99000.0,99000.0,99000,1,0,0,4,1,1.60567362070495,2,0,0,0,1,-0.005773716999999999,-0.8745236999999999,0.8629763,3.4445,0,4,92.11631,0,0.0011716,50.0,0.0,6.195073000000001e-07,-0.000481704,0.03883006
197,-0.001045458,0.0,-4.510005e-05,0.000676578,0.0,1.0,-793.22,0.0227792464154383,682.3563,99000.0,99000.0,99000.0,99000,1,0,0,4,1,1.60567333320056,2,0,0,0,1,-0.005773505999999999,-0.8745235,0.8629764999999999,3.4445,0,4,92.11631,0,0.00115529,50.0,0.0,9.221683e-07,-0.0004711409,0.03906976
198,-0.0010577260000000002,0.0,0.0002738221,0.0006545145,0.0,1.0,-793.22,0.0227915618524767,682.3563,99000.0,99000.0,99000.0,99000,1,0,0,4,1,1.6056731883674398,2,0,0,0,1,-0.005773257,-0.8745233,0.8629766999999999,3.4445,0,4,92.11631,0,0.001146917,50.0,0.0,1.118991e-06,-0.0004657607,0.03930945
199,-0.001031863,0.0,0.0002260268,0.0006525576,0.0,1.0,-793.22,0.0228037568245273,682.3563,99000.0,99000.0,99000.0,99000,1,0,0,4,1,1.60567289524218,2,0,0,0,1,-0.005772871,-0.8745228999999999,0.8629771,3.4445,0,4,92.1163,0,0.001130366,50.0,0.0,1.932217e-06,-0.0004551841000000001,0.03954914
200,-0.001031863,0.0,0.0002260268,0.0006525576,0.0,1.0,-793.22,0.0228170337163995,682.3563,99000.0,99000.0,99000.0,99000,1,0,0,4,1,1.60567289524218,2,0,0,0,1,-0.005772653000000001,-0.8745226,0.8629773000000001,3.4445,0,4,92.1163,0,0.001130366,50.0,0.0,1.932217e-06,-0.0004551841000000001,0.03954914
201,-0.001014874,0.0,-2.009625e-05,0.0006436273999999999,0.0,1.0,-793.22,0.0228277901189944,682.3563,99000.0,99000.0,99000.0,99000,1,0,0,4,1,1.60567261611755,2,0,0,0,1,-0.005772436,-0.8745224,0.8629776,3.4445,0,4,92.1163,0,0.00111408,50.0,0.0,1.400104e-06,-0.0004447802,0.03954914
202,-0.001007573,0.0,-1.205232e-05,0.0006370728,0.0,1.0,-793.22,0.0228402193818884,682.3563,99000.0,99000.0,99000.0,99000,1,0,0,4,1,1.6056724686931798,2,0,0,0,1,-0.005772223000000001,-0.8745222,0.8629778,3.4445,0,4,92.1163,0,0.001105977,50.0,0.0,1.999589e-06,-0.00043968120000000016,0.03978883
203,-0.001020109,0.0,0.0002880561,0.0006158529,0.0,1.0,-793.22,0.0228513546052513,682.3563,99000.0,99000.0,99000.0,99000,1,0,0,4,1,1.6056723160529598,2,0,0,0,1,-0.005771807,-0.8745218000000001,0.8629781999999999,3.4445,0,4,92.1163,0,0.001097404,50.0,0.0,2.321202e-06,-0.0004342983,0.04002852
204,-0.0009957526,0.0,-1.174684e-05,0.0006246477,0.0,1.0,-793.22,0.0228629635631211,682.3563,99000.0,99000.0,99000.0,99000,1,0,0,4,1,1.60567217869805,2,0,0,0,1,-0.005771587,-0.8745216,0.8629783999999999,3.4445,0,4,92.1163,0,0.001089935,50.0,0.0,2.517911e-06,-0.00042960910000000016,0.04002852
205,-0.000983468,0.0,-2.965082e-05,0.0006124073,0.0,1.0,-793.22,0.0228744585597392,682.3563,99000.0,99000.0,99000.0,99000,1,0,0,4,1,1.60567188674729,2,0,0,0,1,-0.005771385,-0.8745214,0.8629786,3.4445,0,4,92.1163,0,0.001074086,50.0,0.0,3.09629e-06,-0.0004197372,0.04026822
206,-0.0009784477,0.0,-2.277834e-05,0.0006059248,0.0,1.0,-793.22,0.0228903615587377,682.3563,99000.0,99000.0,99000.0,99000,1,0,0,4,1,1.60567174500772,2,0,0,0,1,-0.005771177,-0.8745212,0.8629788,3.4445,0,4,92.1163,0,0.001066242,50.0,0.0,2.830869e-06,-0.0004148617,0.04026822
207,-0.0009708423,0.0,0.0002089621,0.0005898138,0.0,1.0,-793.22,0.0228971098854674,682.3562,99000.0,99000.0,99000.0,99000,1,0,0,4,1,1.60567143594901,2,0,0,0,1,-0.005770753000000001,-0.8745208000000001,0.8629792,3.4445,0,4,92.1163,0,0.001050144,50.0,0.0,4.398124e-06,-0.0004050071,0.0407476
208,-0.0009708423,0.0,0.0002089621,0.0005898138,0.0,1.0,-793.22,0.0229060455262567,682.3562,99000.0,99000.0,99000.0,99000,1,0,0,4,1,1.60567143594901,2,0,0,0,1,-0.005770753000000001,-0.8745208000000001,0.8629792,3.4445,0,4,92.1163,0,0.001050144,50.0,0.0,4.398124e-06,-0.0004050071,0.0407476
209,-0.0009739825,0.0,0.0002247516,0.0005829288,0.0,1.0,-793.22,0.0229193168750362,682.3562,99000.0,99000.0,99000.0,99000,1,0,0,4,1,1.6056711478271397,2,0,0,0,1,-0.005770287,-0.8745203000000001,0.8629796999999999,3.4445,0,4,92.1163,0,0.001034791,50.0,0.0,4.859643e-06,-0.0003956293,0.04122698
210,-0.0009429291,0.0,-0.0001110816,0.0005761242,0.0,1.0,-793.22,0.0229302562148397,682.3562,99000.0,99000.0,99000.0,99000,1,0,0,4,1,1.60567101419229,2,0,0,0,1,-0.005770076999999999,-0.8745200999999999,0.8629799000000001,3.4445,0,4,92.11629,0,0.00102767,50.0,0.0,4.991275e-06,-0.0003913095,0.04122698
211,-0.0009571956,0.0,0.0002213631,0.0005698997,0.0,1.0,-793.22,0.0229410875657219,682.3562,99000.0,99000.0,99000.0,99000,1,0,0,4,1,1.60567086198672,2,0,0,0,1,-0.005769625,-0.8745196,0.8629804,3.4445,0,4,92.11629,0,0.001019599,50.0,0.0,5.489881e-06,-0.0003864601,0.04170637
212,-0.0009329861,0.0,-0.0001001708,0.0005644365,0.0,1.0,-793.22,0.0229518116820097,682.3562,99000.0,99000.0,99000.0,99000,1,0,0,4,1,1.60567072900406,2,0,0,0,1,-0.005769387,-0.8745194,0.8629806000000001,3.4445,0,4,92.11629,0,0.001012575,50.0,0.0,5.505616e-06,-0.0003822297,0.04170637
213,-0.0009244317,0.0,-6.808494e-05,0.0005524430999999999,0.0,1.0,-793.22,0.0229624296728572,682.3562,99000.0,99000.0,99000.0,99000,1,0,0,4,1,1.60567044325125,2,0,0,0,1,-0.005769176,-0.8745191999999999,0.8629808000000001,3.4445,0,4,92.11629,0,0.0009976721,50.0,0.0,5.490559e-06,-0.00037332,0.04194606
214,-0.0009162404,0.0,-7.804889e-05,0.0005463043000000001,0.0,1.0,-793.22,0.0229729423985417,682.3561,99000.0,99000.0,99000.0,99000,1,0,0,4,1,1.6056702966018102,2,0,0,0,1,-0.005768966,-0.874519,0.862981,3.4445,0,4,92.11629,0,0.0009902831,50.0,0.0,5.70787e-06,-0.0003689468,0.04218575
215,-0.0009084253,0.0,-0.0001111055,0.0005407362000000001,0.0,1.0,-793.22,0.0229828328772988,682.3561,99000.0,99000.0,99000.0,99000,1,0,0,4,1,1.60567014687967,2,0,0,0,1,-0.005768512,-0.8745185,0.8629815000000001,3.4445,0,4,92.11629,0,0.0009829381,50.0,0.0,6.2074109999999985e-06,-0.0003646203,0.04242544
216,-0.0009068465,0.0,-2.811469e-05,0.0005343572,0.0,1.0,-793.22,0.0229931431570588,682.3561,99000.0,99000.0,99000.0,99000,1,0,0,4,1,1.60567001022137,2,0,0,0,1,-0.005768276,-0.8745183000000001,0.8629817,3.4445,0,4,92.11629,0,0.0009760902,50.0,0.0,6.274266e-06,-0.00036060370000000016,0.04266514
217,-0.0008932253,0.0,-0.0001188017,0.000524121,0.0,1.0,-793.22,0.0230043662787238,682.3561,99000.0,99000.0,99000.0,99000,1,0,0,4,1,1.60566970425082,2,0,0,0,1,-0.005768063,-0.874518,0.8629819,3.4445,0,4,92.11629,0,0.0009611883,50.0,0.0,6.690961e-06,-0.0003519075,0.04314452
218,-0.0008911683,0.0,-2.305674e-05,0.0005174291000000001,0.0,1.0,-793.22,0.0230124513457579,682.3561,99000.0,99000.0,99000.0,99000,1,0,0,4,1,1.6056695488115098,2,0,0,0,1,-0.005767829,-0.8745179,0.8629822,3.4445,0,4,92.11629,0,0.0009535754,50.0,0.0,6.590181e-06,-0.0003474992,0.04338421
219,-0.0009006597,0.0,0.0002068516,0.0004989977,0.0,1.0,-793.22,0.0230244582757645,682.3561,99000.0,99000.0,99000.0,99000,1,0,0,4,1,1.60566939689495,2,0,0,0,1,-0.005767576999999999,-0.8745175999999999,0.8629825000000001,3.4445,0,4,92.11629,0,0.0009464355,50.0,0.0,7.033724e-06,-0.0003434063,0.04386359
220,-0.0008720878999999999,0.0,-6.681275e-05,0.0005033425,0.0,1.0,-793.22,0.0230343544423421,682.3561,99000.0,99000.0,99000.0,99000,1,0,0,4,1,1.60566924409352,2,0,0,0,1,-0.005767094,-0.8745171,0.8629829,3.4445,0,4,92.11629,0,0.0009393782,50.0,0.0,7.250996e-06,-0.0003393627,0.04410328
221,-0.0008649309,0.0,-0.0001245234,0.0004963856,0.0,1.0,-793.22,0.0230441520009502,682.3561,99000.0,99000.0,99000.0,99000,1,0,0,4,1,1.60566894256144,2,0,0,0,1,-0.005766851,-0.8745168,0.8629832000000001,3.4445,0,4,92.11629,0,0.0009253877,50.0,0.0,7.340616999999999e-06,-0.0003313803,0.04458267
222,-0.0008757152000000001,0.0,0.0002559299,0.0004743661,0.0,1.0,-793.22,0.0230519193992568,682.3561,99000.0,99000.0,99000.0,99000,1,0,0,4,1,1.6056687898599198,2,0,0,0,1,-0.00576661,-0.8745166,0.8629834000000001,3.4445,0,4,92.11629,0,0.0009184014,50.0,0.0,7.661369999999999e-06,-0.0003274543,0.04506205
223,-0.0008617369,0.0,0.0001268932,0.0004827536,0.0,1.0,-793.22,0.0230634541751076,682.3561,99000.0,99000.0,99000.0,99000,1,0,0,4,1,1.60566862881999,2,0,0,0,1,-0.005766368000000001,-0.8745164000000001,0.8629836,3.4445,0,4,92.11629,0,0.000911503,50.0,0.0,8.573693e-06,-0.000323586,0.04530174
224,-0.0008655354,0.0,0.00012363440000000002,0.0004681794,0.0,1.0,-793.22,0.0230691696365314,682.3561,99000.0,99000.0,99000.0,99000,1,0,0,4,1,1.60566847658126,2,0,0,0,1,-0.005765866,-0.8745159,0.8629841,3.4445,0,4,92.11629,0,0.0009046543,50.0,0.0,8.875089999999997e-06,-0.0003197482,0.04578113
225,-0.0008339064,0.0,-0.0001591503,0.0004724005000000001,0.0,1.0,-793.22,0.0230823722377669,682.3561,99000.0,99000.0,99000.0,99000,1,0,0,4,1,1.6056683214878005,2,0,0,0,1,-0.005765607,-0.8745156,0.8629844000000001,3.4445,0,4,92.11629,0,0.0008978422999999998,50.0,0.0,9.660387e-06,-0.0003159737,0.04626051
226,-0.0008461419,0.0,0.0001440823,0.0004558013,0.0,1.0,-793.22,0.0230898336464699,682.3561,99000.0,99000.0,99000.0,99000,1,0,0,4,1,1.60566812505283,2,0,0,0,1,-0.005765338,-0.8745154,0.8629846999999999,3.4445,0,4,92.11629,0,0.0008889325999999998,50.0,0.0,1.0433510000000003e-05,-0.0003110573,0.04697958
227,-0.000834067,0.0,0.0001606807,0.0004553731,0.0,1.0,-793.22,0.0231018304566048,682.3561,99000.0,99000.0,99000.0,99000,1,0,0,4,1,1.60566784145217,2,0,0,0,1,-0.005764998,-0.8745149999999999,0.862985,3.4445,0,4,92.11629,0,0.0008759675999999999,50.0,0.0,1.0655e-05,-0.00030392470000000003,0.04769866
228,-0.0008295033,0.0,0.0001416457,0.0004421721,0.0,1.0,-793.22,0.023110044338252003,682.3561,99000.0,99000.0,99000.0,99000,1,0,0,4,1,1.6056676824021,2,0,0,0,1,-0.005764755999999999,-0.8745148000000001,0.8629853000000001,3.4445,0,4,92.11629,0,0.0008693155,50.0,0.0,1.196586e-05,-0.0003003175,0.04841774
229,-0.0008180838,0.0,4.948199e-05,0.0004431143,0.0,1.0,-793.22,0.0231190837861929,682.3560000000001,99000.0,99000.0,99000.0,99000,1,0,0,4,1,1.6056673840218,2,0,0,0,1,-0.0057642330000000006,-0.8745142,0.8629858,3.4445,0,4,92.11629,0,0.0008561834,50.0,0.0,1.293998e-05,-0.000293195,0.0493765
230,-0.0008145817999999999,0.0,0.0001212546,0.0004289327,0.0,1.0,-793.22,0.023128032435173,682.3560000000001,99000.0,99000.0,99000.0,99000,1,0,0,4,1,1.60566723051752,2,0,0,0,1,-0.005763956,-0.8745139999999999,0.862986,3.4445,0,4,92.11629,0,0.0008496493,50.0,0.0,1.386444e-05,-0.0002896935,0.05009558
231,-0.0008190686,0.0,8.480854999999999e-05,0.0004251759,0.0,1.0,-793.22,0.0231364500075605,682.3560000000001,99000.0,99000.0,99000.0,99000,1,0,0,4,1,1.60566708858995,2,0,0,0,1,-0.005763696,-0.8745136999999998,0.8629863000000001,3.4445,0,4,92.11629,0,0.0008432242,50.0,0.0,1.292066e-05,-0.0002862021,0.05033527
232,-0.0007871153,0.0,-0.0001523081,0.000429834,0.0,1.0,-793.22,0.0231452234557076,682.3560000000001,99000.0,99000.0,99000.0,99000,1,0,0,4,1,1.6056669375418502,2,0,0,0,1,-0.005763178000000001,-0.8745130999999999,0.8629868,3.4445,0,4,92.11629,0,0.0008371930000000001,50.0,0.0,1.351161e-05,-0.00028298310000000003,0.05057496
233,-0.0008001752,0.0,0.0001252852,0.00041312730000000016,0.0,1.0,-793.22,0.023153908432422,682.3560000000001,99000.0,99000.0,99000.0,99000,1,0,0,4,1,1.60566677422835,2,0,0,0,1,-0.0057629230000000005,-0.8745129,0.8629870999999999,3.4445,0,4,92.11629,0,0.0008307668,50.0,0.0,1.429037e-05,-0.0002795891,0.05129404
234,-0.0007951172999999999,0.0,5.57998e-05,0.0004068224,0.0,1.0,-793.22,0.0231625056339349,682.3560000000001,99000.0,99000.0,99000.0,99000,1,0,0,4,1,1.60566645174968,2,0,0,0,1,-0.0057626430000000005,-0.8745127,0.8629873,3.4445,0,4,92.11628,0,0.0008181306,50.0,0.0,1.408667e-05,-0.0002728849,0.05201311
235,-0.000790126,0.0,1.7175629999999994e-05,0.0004018415,0.0,1.0,-793.22,0.0231710158077614,682.3560000000001,99000.0,99000.0,99000.0,99000,1,0,0,4,1,1.6056662894988,2,0,0,0,1,-0.005762368,-0.8745124,0.8629876,3.4445,0,4,92.11628,0,0.0008118756,50.0,0.0,1.352059e-05,-0.0002695775,0.0522528
236,-0.000790907,0.0,0.0001012669,0.000396614,0.0,1.0,-793.22,0.0231790205868361,682.3560000000001,99000.0,99000.0,99000.0,99000,1,0,0,4,1,1.60566612444102,2,0,0,0,1,-0.005761805,-0.8745118000000001,0.8629882,3.4445,0,4,92.11628,0,0.0008056547,50.0,0.0,1.262657e-05,-0.0002663095,0.0524925
237,-0.0007687203,0.0,-0.00017955709999999998,0.0004036184,0.0,1.0,-793.22,0.023187363220185,682.3560000000001,99000.0,99000.0,99000.0,99000,1,0,0,4,1,1.60566595080561,2,0,0,0,1,-0.005761532,-0.8745115,0.8629885,3.4445,0,4,92.11628,0,0.0007994996,50.0,0.0,1.181137e-05,-0.000263079,0.0524925
238,-0.0007598581,0.0,-0.0001857974,0.00039392980000000017,0.0,1.0,-793.22,0.0231956212003525,682.3560000000001,99000.0,99000.0,99000.0,99000,1,0,0,4,1,1.60566560424307,2,0,0,0,1,-0.005761532,-0.8745115,0.8629885,3.4445,0,4,92.11628,0,0.000787638,50.0,0.0,1.003667e-05,-0.0002569216,0.05273219
239,-0.0007559311,0.0,-0.00015765889999999998,0.00038826690000000016,0.0,1.0,-793.22,0.0232029815329028,682.3560000000001,99000.0,99000.0,99000.0,99000,1,0,0,4,1,1.60566542103332,2,0,0,0,1,-0.005760684,-0.8745107,0.8629893,3.4445,0,4,92.11628,0,0.0007815746,50.0,0.0,8.689512e-06,-0.0002537928,0.05273219
240,-0.0007506492,0.0,-0.0001493633,0.0003820072,0.0,1.0,-793.22,0.0232118859645362,682.3560000000001,99000.0,99000.0,99000.0,99000,1,0,0,4,1,1.60566520665921,2,0,0,0,1,-0.005760395,-0.8745103999999999,0.8629896,3.4445,0,4,92.11628,0,0.0007747969999999999,50.0,0.0,7.321855e-06,-0.0002503266,0.05273219
241,-0.0007432199,0.0,-0.0001522955,0.0003731797,0.0,1.0,-793.22,0.0232206909649087,682.3560000000001,99000.0,99000.0,99000.0,99000,1,0,0,4,1,1.60566490069426,2,0,0,0,1,-0.0057600590000000005,-0.87451,0.8629899999999999,3.4445,0,4,92.11628,0,0.0007654625,50.0,0.0,5.4415699999999985e-06,-0.0002456072,0.05273219
242,-0.0007418564999999999,0.0,-0.0001364888,0.0003681341,0.0,1.0,-793.22,0.0232290037314964,682.3560000000001,99000.0,99000.0,99000.0,99000,1,0,0,4,1,1.6056647194016,2,0,0,0,1,-0.005759579,-0.8745096,0.8629904,3.4445,0,4,92.11628,0,0.0007599241000000001,50.0,0.0,3.599485e-06,-0.0002428547,0.0524925
243,-0.0007343317999999999,0.0,-0.0001308434,0.0003624851,0.0,1.0,-793.22,0.0232364482344405,682.3560000000001,99000.0,99000.0,99000.0,99000,1,0,0,4,1,1.60566451489816,2,0,0,0,1,-0.005759579,-0.8745096,0.8629904,3.4445,0,4,92.11628,0,0.0007540253999999999,50.0,0.0,2.588705e-06,-0.000239932,0.0524925
244,-0.0007243297,0.0,-0.0001413697,0.00035116,0.0,1.0,-793.22,0.0232442067859082,682.3560000000001,99000.0,99000.0,99000.0,99000,1,0,0,4,1,1.60566410789395,2,0,0,0,1,-0.005758984,-0.874509,0.862991,3.4445,0,4,92.11628,0,0.0007423608,50.0,0.0,3.406109e-07,-0.0002342269,0.0524925
245,-0.0007195439999999999,0.0,-0.0001319009,0.0003465178,0.0,1.0,-793.22,0.023251886351188,682.3560000000001,99000.0,99000.0,99000.0,99000,1,0,0,4,1,1.6056639056683302,2,0,0,0,1,-0.005758664,-0.8745086999999999,0.8629913,3.4445,0,4,92.11628,0,0.0007365869999999999,50.0,0.0,-7.543632e-07,-0.0002314366,0.0524925
246,-0.0007148313000000001,0.0,-0.0001172911,0.0003424214,0.0,1.0,-793.22,0.0232594877144505,682.3560000000001,99000.0,99000.0,99000.0,99000,1,0,0,4,1,1.60566370366576,2,0,0,0,1,-0.005758345,-0.8745083,0.8629916,3.4445,0,4,92.11628,0,0.0007308511,50.0,0.0,-1.749873e-06,-0.000228681,0.0524925
247,-0.0007101796000000001,0.0,-9.989522e-05,0.0003387564,0.0,1.0,-793.22,0.0232670117970488,682.3559,99000.0,99000.0,99000.0,99000,1,0,0,4,1,1.6056635015948502,2,0,0,0,1,-0.005757713,-0.8745076999999999,0.8629923,3.4445,0,4,92.11628,0,0.0007251526,50.0,0.0,-2.615377e-06,-0.0002259564,0.0524925
248,-0.0007015837,0.0,-3.781429e-05,0.0003324097,0.0,1.0,-793.22,0.0232744589087938,682.3559,99000.0,99000.0,99000.0,99000,1,0,0,4,1,1.6056630973407298,2,0,0,0,1,-0.005757401,-0.8745074,0.8629926,3.4445,0,4,92.11627,0,0.0007138744999999999,50.0,0.0,-4.428634e-06,-0.0002206168,0.0522528
249,-0.0006966597999999999,0.0,-3.781865e-05,0.000329319,0.0,1.0,-793.22,0.023281829804786,682.3559,99000.0,99000.0,99000.0,99000,1,0,0,4,1,1.60566289009803,2,0,0,0,1,-0.005757106,-0.8745071,0.8629929000000001,3.4445,0,4,92.11627,0,0.0007082836,50.0,0.0,-4.73372e-06,-0.0002179697,0.0522528
250,-0.0006920655999999999,0.0,-3.0994920000000005e-05,0.0003264385,0.0,1.0,-793.22,0.023289125150243,682.3559,99000.0,99000.0,99000.0,99000,1,0,0,4,1,1.60566268445183,2,0,0,0,1,-0.005756491999999999,-0.8745065000000001,0.8629935,3.4445,0,4,92.11627,0,0.0007027303,50.0,0.0,-5.011761e-06,-0.0002153465,0.0522528
251,-0.0006875597,0.0,-1.949592e-05,0.0003237232,0.0,1.0,-793.22,0.0232959863338673,682.3559,99000.0,99000.0,99000.0,99000,1,0,0,4,1,1.60566247975141,2,0,0,0,1,-0.005756186999999999,-0.8745062,0.8629938,3.4445,0,4,92.11627,0,0.0006972132000000001,50.0,0.0,-5.212542e-06,-0.0002127456,0.0522528
252,-0.0006789631,0.0,5.291406e-06,0.0003185029,0.0,1.0,-793.22,0.0233034917461942,682.3559,99000.0,99000.0,99000.0,99000,1,0,0,4,1,1.60566208415973,2,0,0,0,1,-0.005755886,-0.8745059000000001,0.8629940999999999,3.4445,0,4,92.11627,0,0.0006866255999999999,50.0,0.0,-5.314569e-06,-0.0002077676,0.0522528
253,-0.0006742969,0.0,1.722839e-05,0.0003155051,0.0,1.0,-793.22,0.0233102123768527,682.3559,99000.0,99000.0,99000.0,99000,1,0,0,4,1,1.6056618673100502,2,0,0,0,1,-0.005755886,-0.8745059000000001,0.8629940999999999,3.4445,0,4,92.11627,0,0.0006808757000000001,50.0,0.0,-5.2143989999999985e-06,-0.0002050727,0.0522528
254,-0.0006701989999999999,0.0,2.601434e-05,0.0003127296,0.0,1.0,-793.22,0.023317215525884,682.3559,99000.0,99000.0,99000.0,99000,1,0,0,4,1,1.60566167590833,2,0,0,0,1,-0.00575531,-0.8745053,0.8629947,3.4445,0,4,92.11627,0,0.0006758351,50.0,0.0,-5.048833e-06,-0.0002027165,0.0522528
255,-0.0006658441,0.0,3.340792e-05,0.0003096172,0.0,1.0,-793.22,0.0233241462852023,682.3559,99000.0,99000.0,99000.0,99000,1,0,0,4,1,1.6056614716616595,2,0,0,0,1,-0.005754724,-0.8745046999999999,0.8629953000000001,3.4445,0,4,92.11627,0,0.0006704924000000001,50.0,0.0,-4.807805e-06,-0.0002002269,0.0522528
256,-0.0006572096000000001,0.0,4.22165e-05,0.00030267040000000003,0.0,1.0,-793.22,0.0233310053118141,682.3559,99000.0,99000.0,99000.0,99000,1,0,0,4,1,1.6056610629658503,2,0,0,0,1,-0.005754434,-0.8745044,0.8629956,3.4445,0,4,92.11627,0,0.0006599105,50.0,0.0,-4.190197e-06,-0.0001953272,0.0522528
257,-0.0006528805000000001,0.0,4.39391e-05,0.0002989387,0.0,1.0,-793.22,0.023336779777182005,682.3559,99000.0,99000.0,99000.0,99000,1,0,0,4,1,1.60566085857952,2,0,0,0,1,-0.005754144,-0.8745040999999999,0.8629959,3.4445,0,4,92.11627,0,0.0006546715,50.0,0.0,-3.843956e-06,-0.0001929208,0.0522528
258,-0.0006479167,0.0,2.637259e-05,0.00029313770000000003,0.0,1.0,-793.22,0.0233431734022265,682.3558,99000.0,99000.0,99000.0,99000,1,0,0,4,1,1.60566058407174,2,0,0,0,1,-0.005753856,-0.8745039000000001,0.8629962,3.4445,0,4,92.11627,0,0.0006475488999999999,50.0,0.0,-4.318062e-06,-0.0001896914,0.05201311
259,-0.0006438422,0.0,8.151244e-05,0.00029058560000000004,0.0,1.0,-793.22,0.0233511593597454,682.3558,99000.0,99000.0,99000.0,99000,1,0,0,4,1,1.60566039940755,2,0,0,0,1,-0.005753566999999999,-0.8745036,0.8629965,3.4445,0,4,92.11627,0,0.0006430194,50.0,0.0,-3.733652e-06,-0.0001876473,0.05201311
260,-0.0006368631,0.0,4.516709e-05,0.0002853826,0.0,1.0,-793.22,0.0233577382625984,682.3558,99000.0,99000.0,99000.0,99000,1,0,0,4,1,1.6056600852592502,2,0,0,0,1,-0.00575319,-0.8745031999999999,0.8629968000000001,3.4445,0,4,92.11627,0,0.0006353394,50.0,0.0,-3.009495e-06,-0.000184191,0.05201311
261,-0.0006315019999999999,0.0,3.213804e-05,0.000280813,0.0,1.0,-793.22,0.0233645724647226,682.3558,99000.0,99000.0,99000.0,99000,1,0,0,4,1,1.60565982759693,2,0,0,0,1,-0.005752937,-0.874503,0.8629971,3.4445,0,4,92.11627,0,0.0006289992,50.0,0.0,-2.634881e-06,-0.0001813602,0.05201311
262,-0.0006269985,0.0,2.718268e-05,0.0002769543,0.0,1.0,-793.22,0.023371011767422,682.3558,99000.0,99000.0,99000.0,99000,1,0,0,4,1,1.60565961028046,2,0,0,0,1,-0.005752496,-0.8745025,0.8629975000000001,3.4445,0,4,92.11627,0,0.0006236519999999999,50.0,0.0,-2.3864680000000003e-06,-0.0001789899,0.05201311
263,-0.0006227983,0.0,2.491280000000001e-05,0.0002733625,0.0,1.0,-793.22,0.0233773838527179,682.3558,99000.0,99000.0,99000.0,99000,1,0,0,4,1,1.60565940660155,2,0,0,0,1,-0.005751819,-0.8745018,0.8629982,3.4445,0,4,92.11627,0,0.0006186541,50.0,0.0,-2.179537e-06,-0.0001767889,0.05201311
264,-0.0006132025,0.0,7.243542e-05,0.000265734,0.0,1.0,-793.22,0.0233833757454138,682.3558,99000.0,99000.0,99000.0,99000,1,0,0,4,1,1.60565899498418,2,0,0,0,1,-0.0057515280000000005,-0.8745014999999999,0.8629985000000001,3.4445,0,4,92.11627,0,0.0006087330000000001,50.0,0.0,-9.983303e-07,-0.0001724973,0.0522528
265,-0.0006099476999999999,0.0,-9.284176e-06,0.0002639655,0.0,1.0,-793.22,0.0233896192577699,682.3558,99000.0,99000.0,99000.0,99000,1,0,0,4,1,1.60565880943248,2,0,0,0,1,-0.005751236999999999,-0.8745011999999999,0.8629988000000001,3.4445,0,4,92.11627,0,0.0006041584,50.0,0.0,-1.039282e-06,-0.000170508,0.0522528
266,-0.0006128828,0.0,7.120217e-05,0.0002601545,0.0,1.0,-793.22,0.0233957972984717,682.3558,99000.0,99000.0,99000.0,99000,1,0,0,4,1,1.6056586199123202,2,0,0,0,1,-0.005750659,-0.8745006,0.8629993,3.4445,0,4,92.11627,0,0.0005993172,50.0,0.0,-2.179972e-06,-0.00016843990000000005,0.05201311
267,-0.0006028175,0.0,6.079888000000001e-05,0.0002570801,0.0,1.0,-793.22,0.0234019104382299,682.3558,99000.0,99000.0,99000.0,99000,1,0,0,4,1,1.6056584113231105,2,0,0,0,1,-0.005750398,-0.8745004000000001,0.8629995999999999,3.4445,0,4,92.11627,0,0.0005944689,50.0,0.0,-1.643792e-06,-0.00016637169999999998,0.05201311
268,-0.0005889051000000001,0.0,-2.229342e-05,0.0002515113,0.0,1.0,-793.22,0.0234085609780831,682.3558,99000.0,99000.0,99000.0,99000,1,0,0,4,1,1.60565799088706,2,0,0,0,1,-0.005750109000000001,-0.8745001,0.8629998999999999,3.4445,0,4,92.11627,0,0.0005848731,50.0,0.0,-2.753993e-08,-0.0001623281,0.0522528
269,-0.0005897576,0.0,-1.497075e-05,0.0002489751,0.0,1.0,-793.22,0.023414242866302,682.3558,99000.0,99000.0,99000.0,99000,1,0,0,4,1,1.6056577695358798,2,0,0,0,1,-0.005749796,-0.8744997999999999,0.8630002,3.4445,0,4,92.11627,0,0.000579557,50.0,0.0,-2.193095e-07,-0.0001600727,0.0522528
270,-0.0005863933,0.0,-1.703924e-06,0.0002461398,0.0,1.0,-793.22,0.0234198679923009,682.3558,99000.0,99000.0,99000.0,99000,1,0,0,4,1,1.6056575966299098,2,0,0,0,1,-0.005749499,-0.8744995000000001,0.8630005,3.4445,0,4,92.11627,0,0.0005754419,50.0,0.0,-2.780184e-07,-0.0001583401,0.0522528
271,-0.0005825501000000001,0.0,7.999434999999999e-06,0.0002429528,0.0,1.0,-793.22,0.0234248534086063,682.3558,99000.0,99000.0,99000.0,99000,1,0,0,4,1,1.60565739717538,2,0,0,0,1,-0.00574892,-0.8744989,0.8630011000000001,3.4445,0,4,92.11627,0,0.0005707672,50.0,0.0,-2.447367e-07,-0.000156384,0.0522528
272,-0.0005779557,0.0,3.5151500000000004e-05,0.0002369078,0.0,1.0,-793.22,0.0234318157512047,682.3558,99000.0,99000.0,99000.0,99000,1,0,0,4,1,1.6056569874707902,2,0,0,0,1,-0.005748631,-0.8744985999999999,0.8630013000000001,3.4445,0,4,92.11627,0,0.0005612419000000001,50.0,0.0,-8.546598e-07,-0.000152455,0.05201311
273,-0.0005708275,0.0,3.1124240000000005e-05,0.0002343825,0.0,1.0,-793.22,0.0234375502889574,682.3558,99000.0,99000.0,99000.0,99000,1,0,0,4,1,1.60565677965221,2,0,0,0,1,-0.005748631,-0.8744985999999999,0.8630013000000001,3.4445,0,4,92.11627,0,0.0005566524,50.0,0.0,-5.231976e-07,-0.0001505703,0.05201311
274,-0.0005668931,0.0,1.30983e-05,0.0002317059,0.0,1.0,-793.22,0.0234432242045803,682.3558,99000.0,99000.0,99000.0,99000,1,0,0,4,1,1.60565657311053,2,0,0,0,1,-0.005747754,-0.8744978000000001,0.8630021999999999,3.4445,0,4,92.11627,0,0.0005521025,50.0,0.0,-3.493107e-07,-0.0001487058,0.05201311
275,-0.0005629908,0.0,1.472679e-06,0.0002288632,0.0,1.0,-793.22,0.0234488383147021,682.3558,99000.0,99000.0,99000.0,99000,1,0,0,4,1,1.60565636849291,2,0,0,0,1,-0.005747456,-0.8744975,0.8630025,3.4445,0,4,92.11627,0,0.0005475841000000001,50.0,0.0,-2.994432e-07,-0.0001468637,0.05201311
276,-0.0005442619000000001,0.0,-0.0003058659,0.0002085947,0.0,1.0,-793.22,0.0234543928809089,682.3558,99000.0,99000.0,99000.0,99000,1,0,0,4,1,1.6056561676078898,2,0,0,0,1,-0.005747159,-0.8744972,0.8630028000000001,3.4445,0,4,92.11627,0,0.0005431311,50.0,0.0,-8.087935e-07,-0.0001450539,0.05177342
277,-0.0005519305,0.0,1.457755e-05,0.000220483,0.0,1.0,-793.22,0.0234598884711473,682.3558,99000.0,99000.0,99000.0,99000,1,0,0,4,1,1.60565575877729,2,0,0,0,1,-0.005746866,-0.8744969000000001,0.8630030999999999,3.4445,0,4,92.11627,0,0.0005342208999999999,50.0,0.0,-8.914099000000002e-07,-0.00014150559999999998,0.05177342
278,-0.0005479407,0.0,-1.59023e-07,0.0002176354,0.0,1.0,-793.22,0.0234653261902935,682.3558,99000.0,99000.0,99000.0,99000,1,0,0,4,1,1.6056555532284498,2,0,0,0,1,-0.005746581999999999,-0.8744966000000001,0.8630034,3.4445,0,4,92.11627,0,0.0005298227999999999,50.0,0.0,-8.44349e-07,-0.0001397535,0.05177342
279,-0.0005423036,0.0,5.424869000000002e-05,0.000212829,0.0,1.0,-793.22,0.0234707065845585,682.3558,99000.0,99000.0,99000.0,99000,1,0,0,4,1,1.60565515168504,2,0,0,0,1,-0.0057459830000000005,-0.8744959999999999,0.8630040000000001,3.4445,0,4,92.11627,0,0.0005212165,50.0,0.0,-1.879614e-06,-0.0001363435,0.05153373
280,-0.0005371046,0.0,2.375563e-05,0.0002103405,0.0,1.0,-793.22,0.0234760295791476,682.3558,99000.0,99000.0,99000.0,99000,1,0,0,4,1,1.6056549418432098,2,0,0,0,1,-0.0057456980000000005,-0.8744957,0.8630043,3.4445,0,4,92.11627,0,0.0005169031,50.0,0.0,-1.587611e-06,-0.00013465040000000002,0.05153373
281,-0.0005332758,0.0,7.201008e-06,0.0002076962,0.0,1.0,-793.22,0.02348129601352,682.3557,99000.0,99000.0,99000.0,99000,1,0,0,4,1,1.60565473556693,2,0,0,0,1,-0.005745413,-0.8744953999999999,0.8630046,3.4445,0,4,92.11627,0,0.0005126226,50.0,0.0,-1.476034e-06,-0.0001329786,0.05153373
282,-0.000529912,0.0,-4.782909000000001e-05,0.0002039202,0.0,1.0,-793.22,0.0234865061151808,682.3557,99000.0,99000.0,99000.0,99000,1,0,0,4,1,1.6056545375274,2,0,0,0,1,-0.005744811999999999,-0.8744948,0.8630051999999999,3.4445,0,4,92.11627,0,0.0005083982,50.0,0.0,-2.246569e-06,-0.0001313551,0.05129404
283,-0.0005265701999999999,0.0,3.122722e-05,0.0002031793,0.0,1.0,-793.22,0.0234916606837295,682.3557,99000.0,99000.0,99000.0,99000,1,0,0,4,1,1.6056543307449298,2,0,0,0,1,-0.005744529,-0.8744946,0.8630055,3.4445,0,4,92.11626,0,0.0005041611,50.0,0.0,-2.018757e-06,-0.0001297233,0.05129404
284,-0.0005208428,0.0,3.720706e-05,0.0001986948,0.0,1.0,-793.22,0.0234965062442404,682.3557,99000.0,99000.0,99000.0,99000,1,0,0,4,1,1.6056539369674598,2,0,0,0,1,-0.005744234,-0.8744943000000001,0.8630058,3.4445,0,4,92.11626,0,0.0004960739,50.0,0.0,-2.385765e-06,-0.0001266399,0.05105435
285,-0.0005156256,0.0,2.0329e-05,0.0001964352,0.0,1.0,-793.22,0.0235015536913195,682.3557,99000.0,99000.0,99000.0,99000,1,0,0,4,1,1.60565373048186,2,0,0,0,1,-0.005743945,-0.8744940000000001,0.8630061,3.4445,0,4,92.11626,0,0.0004919319999999999,50.0,0.0,-2.147737e-06,-0.0001250596,0.05105435
286,-0.000514785,0.0,3.588478e-05,0.0001938293,0.0,1.0,-793.22,0.0235065467476053,682.3557,99000.0,99000.0,99000.0,99000,1,0,0,4,1,1.60565353174221,2,0,0,0,1,-0.005743673,-0.8744937,0.8630064000000001,3.4445,0,4,92.11626,0,0.0004878385,50.0,0.0,-2.7346e-06,-0.0001235262,0.05081465
287,-0.0005088045,0.0,3.0978540000000004e-05,0.0001921491,0.0,1.0,-793.22,0.0235114859993246,682.3557,99000.0,99000.0,99000.0,99000,1,0,0,4,1,1.60565332521317,2,0,0,0,1,-0.005743094,-0.8744931,0.8630068999999999,3.4445,0,4,92.11626,0,0.0004837495,50.0,0.0,-2.429415e-06,-0.0001219813,0.05081465
288,-0.0005014936,0.0,1.3792910000000005e-05,0.0001878206,0.0,1.0,-793.22,0.0235163719616768,682.3557,99000.0,99000.0,99000.0,99000,1,0,0,4,1,1.60565292039926,2,0,0,0,1,-0.005742799,-0.8744928,0.8630072,3.4445,0,4,92.11626,0,0.0004756705,50.0,0.0,-2.133426e-06,-0.0001189425,0.05081465
289,-0.0004980264,0.0,1.591209e-05,0.0001857703,0.0,1.0,-793.22,0.0235212070772412,682.3557,99000.0,99000.0,99000.0,99000,1,0,0,4,1,1.60565272084885,2,0,0,0,1,-0.005742485,-0.8744924999999999,0.8630075,3.4445,0,4,92.11626,0,0.0004716734,50.0,0.0,-2.016274e-06,-0.0001174483,0.05081465
290,-0.0004920411,0.0,5.794517e-05,0.0001817669,0.0,1.0,-793.22,0.023525991569131,682.3557,99000.0,99000.0,99000.0,99000,1,0,0,4,1,1.60565232539054,2,0,0,0,1,-0.005741653,-0.8744915999999999,0.8630083000000001,3.4445,0,4,92.11626,0,0.0004640901,50.0,0.0,-2.342304e-06,-0.0001145409,0.05057496
291,-0.0004920411,0.0,5.794517e-05,0.0001817669,0.0,1.0,-793.22,0.0235307283335149,682.3557,99000.0,99000.0,99000.0,99000,1,0,0,4,1,1.60565232539054,2,0,0,0,1,-0.005741653,-0.8744915999999999,0.8630083000000001,3.4445,0,4,92.11626,0,0.0004640901,50.0,0.0,-2.342304e-06,-0.0001145409,0.05057496
292,-0.000364879,0.0,-0.0001909193,0.00017248709999999998,0.0,1.0,-793.22,0.0235347172923657,682.3557,99000.0,99000.0,99000.0,99000,1,0,0,4,1,1.60565193036218,2,0,0,0,1,-0.005741368,-0.8744914,0.8630085999999999,3.4445,0,4,92.11626,0,0.0004569711,50.0,0.0,-3.451762e-06,-0.0001117291,0.05009558
293,-0.0004819341,0.0,8.443540000000001e-05,0.00017475400000000006,0.0,1.0,-793.22,0.0235400565308763,682.3557,99000.0,99000.0,99000.0,99000,1,0,0,4,1,1.60565168476124,2,0,0,0,1,-0.005741368,-0.8744914,0.8630085999999999,3.4445,0,4,92.11626,0,0.0004526067,50.0,0.0,-2.699271e-06,-0.0001100665,0.05009558
294,-0.0004787193,0.0,4.8504929999999986e-05,0.0001725277,0.0,1.0,-793.22,0.0235430446449818,682.3557,99000.0,99000.0,99000.0,99000,1,0,0,4,1,1.6056515037535302,2,0,0,0,1,-0.005740829,-0.8744909,0.8630091999999999,3.4445,0,4,92.11626,0,0.0004492455,50.0,0.0,-2.259036e-06,-0.000108851,0.05009558
295,-0.0004707942,0.0,7.095736e-05,0.0001685345,0.0,1.0,-793.22,0.0235491848779767,682.3557,99000.0,99000.0,99000.0,99000,1,0,0,4,1,1.6056512962675602,2,0,0,0,1,-0.005740236,-0.8744903,0.8630098,3.4445,0,4,92.11626,0,0.0004454037,50.0,0.0,-1.259849e-06,-0.000107503,0.05033527
296,-0.0003666256,0.0,-2.8506550000000003e-07,0.0001663408,0.0,1.0,-793.22,0.0235536775279896,682.3557,99000.0,99000.0,99000.0,99000,1,0,0,4,1,1.60565105585765,2,0,0,0,1,-0.005739933000000001,-0.87449,0.86301,3.4445,0,4,92.11626,0,0.0004411801,50.0,0.0,-8.414913e-08,-0.000105918,0.05057496
297,-0.0004648167,0.0,9.17235e-07,0.0001648212,0.0,1.0,-793.22,0.0235581210978513,682.3557,99000.0,99000.0,99000.0,99000,1,0,0,4,1,1.60565068111427,2,0,0,0,1,-0.005739569,-0.8744895,0.8630104,3.4445,0,4,92.11626,0,0.0004338292,50.0,0.0,-4.6912e-07,-0.0001032478,0.05057496
298,-0.000461917,0.0,2.603909e-05,0.0001618006,0.0,1.0,-793.22,0.0235625163879593,682.3557,99000.0,99000.0,99000.0,99000,1,0,0,4,1,1.60565049078037,2,0,0,0,1,-0.005739264,-0.8744892,0.8630108,3.4445,0,4,92.11626,0,0.0004301227,50.0,0.0,-3.4232479999999995e-07,-0.0001019416,0.05057496
299,-0.000394422,0.0,-0.0002579404,0.0001414684,0.0,1.0,-793.22,0.0235659995544481,682.3557,99000.0,99000.0,99000.0,99000,1,0,0,4,1,1.6056503002336395,2,0,0,0,1,-0.005739264,-0.8744892,0.8630108,3.4445,0,4,92.11626,0,0.0004264993,50.0,0.0,-5.659911999999999e-07,-0.0001006686,0.05033527
300,-0.0004575378,0.0,7.739878000000001e-05,0.0001566715,0.0,1.0,-793.22,0.0235659995544481,682.3557,99000.0,99000.0,99000.0,99000,1,0,0,4,1,1.60565010806415,2,0,0,0,1,-0.005738462,-0.8744885,0.8630114999999999,3.4445,0,4,92.11626,0,0.0004230284,50.0,0.0,-4.722796e-07,-9.942549e-05,0.05033527
301,-0.0004575378,0.0,7.739878000000001e-05,0.0001566715,0.0,1.0,-793.22,0.0235659995544481,682.3557,99000.0,99000.0,99000.0,99000,1,0,0,4,1,1.60565010806415,2,0,0,0,1,-0.005738462,-0.8744885,0.8630114999999999,3.4445,0,4,92.11626,0,0.0004230284,50.0,0.0,-4.722796e-07,-9.942549e-05,0.05033527
302,-0.0004575378,0.0,7.739878000000001e-05,0.0001566715,0.0,1.0,-793.22,0.0235659995544481,682.3557,99000.0,99000.0,99000.0,99000,1,0,0,4,1,1.60565010806415,2,0,0,0,1,-0.005738198000000001,-0.8744881999999999,0.8630118,3.4445,0,4,92.11626,0,0.0004230284,50.0,0.0,-4.722796e-07,-9.942549e-05,0.05033527
303,-0.0004575378,0.0,7.739878000000001e-05,0.0001566715,0.0,1.0,-793.22,0.0235659995544481,682.3557,99000.0,99000.0,99000.0,99000,1,0,0,4,1,1.60565010806415,2,0,0,0,1,-0.005738198000000001,-0.8744881999999999,0.8630118,3.4445,0,4,92.11626,0,0.0004230284,50.0,0.0,-4.722796e-07,-9.942549e-05,0.05033527
304,-0.0004575378,0.0,7.739878000000001e-05,0.0001566715,0.0,1.0,-793.22,0.0235659995544481,682.3557,99000.0,99000.0,99000.0,99000,1,0,0,4,1,1.60565010806415,2,0,0,0,1,-0.005738198000000001,-0.8744881999999999,0.8630118,3.4445,0,4,92.11626,0,0.0004230284,50.0,0.0,-4.722796e-07,-9.942549e-05,0.05033527
305,-0.0004575378,0.0,7.739878000000001e-05,0.0001566715,0.0,1.0,-793.22,0.0235659995544481,682.3557,99000.0,99000.0,99000.0,99000,1,0,0,4,1,1.60565010806415,2,0,0,0,1,-0.005738198000000001,-0.8744881999999999,0.8630118,3.4445,0,4,92.11626,0,0.0004230284,50.0,0.0,-4.722796e-07,-9.942549e-05,0.05033527
306,-0.0004575378,0.0,7.739878000000001e-05,0.0001566715,0.0,1.0,-793.22,0.0235659995544481,682.3557,99000.0,99000.0,99000.0,99000,1,0,0,4,1,1.60565010806415,2,0,0,0,1,-0.005738198000000001,-0.8744881999999999,0.8630118,3.4445,0,4,92.11626,0,0.0004230284,50.0,0.0,-4.722796e-07,-9.942549e-05,0.05033527
307,-0.0004575378,0.0,7.739878000000001e-05,0.0001566715,0.0,1.0,-793.22,0.0235659995544481,682.3557,99000.0,99000.0,99000.0,99000,1,0,0,4,1,1.60565010806415,2,0,0,0,1,-0.005738198000000001,-0.8744881999999999,0.8630118,3.4445,0,4,92.11626,0,0.0004230284,50.0,0.0,-4.722796e-07,-9.942549e-05,0.05033527
308,-0.0004575378,0.0,7.739878000000001e-05,0.0001566715,0.0,1.0,-793.22,0.0235659995544481,682.3557,99000.0,99000.0,99000.0,99000,1,0,0,4,1,1.60565010806415,2,0,0,0,1,-0.005738198000000001,-0.8744881999999999,0.8630118,3.4445,0,4,92.11626,0,0.0004230284,50.0,0.0,-4.722796e-07,-9.942549e-05,0.05033527
309,-0.0004575378,0.0,7.739878000000001e-05,0.0001566715,0.0,1.0,-793.22,0.0235659995544481,682.3557,99000.0,99000.0,99000.0,99000,1,0,0,4,1,1.60565010806415,2,0,0,0,1,-0.005738198000000001,-0.8744881999999999,0.8630118,3.4445,0,4,92.11626,0,0.0004230284,50.0,0.0,-4.722796e-07,-9.942549e-05,0.05033527
310,-0.0004575378,0.0,7.739878000000001e-05,0.0001566715,0.0,1.0,-793.22,0.0235659995544481,682.3557,99000.0,99000.0,99000.0,99000,1,0,0,4,1,1.60565010806415,2,0,0,0,1,-0.005738198000000001,-0.8744881999999999,0.8630118,3.4445,0,4,92.11626,0,0.0004230284,50.0,0.0,-4.722796e-07,-9.942549e-05,0.05033527
311,-0.0004575378,0.0,7.739878000000001e-05,0.0001566715,0.0,1.0,-793.22,0.0235659995544481,682.3557,99000.0,99000.0,99000.0,99000,1,0,0,4,1,1.60565010806415,2,0,0,0,1,-0.005738198000000001,-0.8744881999999999,0.8630118,3.4445,0,4,92.11626,0,0.0004230284,50.0,0.0,-4.722796e-07,-9.942549e-05,0.05033527
312,-0.0004575378,0.0,7.739878000000001e-05,0.0001566715,0.0,1.0,-793.22,0.0235659995544481,682.3557,99000.0,99000.0,99000.0,99000,1,0,0,4,1,1.60565010806415,2,0,0,0,1,-0.005738198000000001,-0.8744881999999999,0.8630118,3.4445,0,4,92.11626,0,0.0004230284,50.0,0.0,-4.722796e-07,-9.942549e-05,0.05033527
313,-0.0004575378,0.0,7.739878000000001e-05,0.0001566715,0.0,1.0,-793.22,0.0235659995544481,682.3557,99000.0,99000.0,99000.0,99000,1,0,0,4,1,1.60565010806415,2,0,0,0,1,-0.005738198000000001,-0.8744881999999999,0.8630118,3.4445,0,4,92.11626,0,0.0004230284,50.0,0.0,-4.722796e-07,-9.942549e-05,0.05033527
314,-0.0004575378,0.0,7.739878000000001e-05,0.0001566715,0.0,1.0,-793.22,0.0235659995544481,682.3557,99000.0,99000.0,99000.0,99000,1,0,0,4,1,1.60565010806415,2,0,0,0,1,-0.005738198000000001,-0.8744881999999999,0.8630118,3.4445,0,4,92.11626,0,0.0004230284,50.0,0.0,-4.722796e-07,-9.942549e-05,0.05033527
315,-0.0004575378,0.0,7.739878000000001e-05,0.0001566715,0.0,1.0,-793.22,0.0235659995544481,682.3557,99000.0,99000.0,99000.0,99000,1,0,0,4,1,1.60565010806415,2,0,0,0,1,-0.005738198000000001,-0.8744881999999999,0.8630118,3.4445,0,4,92.11626,0,0.0004230284,50.0,0.0,-4.722796e-07,-9.942549e-05,0.05033527
316,-0.0004575378,0.0,7.739878000000001e-05,0.0001566715,0.0,1.0,-793.22,0.0235659995544481,682.3557,99000.0,99000.0,99000.0,99000,1,0,0,4,1,1.60565010806415,2,0,0,0,1,-0.005738198000000001,-0.8744881999999999,0.8630118,3.4445,0,4,92.11626,0,0.0004230284,50.0,0.0,-4.722796e-07,-9.942549e-05,0.05033527
317,-0.0004575378,0.0,7.739878000000001e-05,0.0001566715,0.0,1.0,-793.22,0.0235659995544481,682.3557,99000.0,99000.0,99000.0,99000,1,0,0,4,1,1.60565010806415,2,0,0,0,1,-0.005738198000000001,-0.8744881999999999,0.8630118,3.4445,0,4,92.11626,0,0.0004230284,50.0,0.0,-4.722796e-07,-9.942549e-05,0.05033527
318,-0.0004575378,0.0,7.739878000000001e-05,0.0001566715,0.0,1.0,-793.22,0.0235659995544481,682.3557,99000.0,99000.0,99000.0,99000,1,0,0,4,1,1.60565010806415,2,0,0,0,1,-0.005738198000000001,-0.8744881999999999,0.8630118,3.4445,0,4,92.11626,0,0.0004230284,50.0,0.0,-4.722796e-07,-9.942549e-05,0.05033527
319,-0.0004575378,0.0,7.739878000000001e-05,0.0001566715,0.0,1.0,-793.22,0.0235659995544481,682.3557,99000.0,99000.0,99000.0,99000,1,0,0,4,1,1.60565010806415,2,0,0,0,1,-0.005738198000000001,-0.8744881999999999,0.8630118,3.4445,0,4,92.11626,0,0.0004230284,50.0,0.0,-4.722796e-07,-9.942549e-05,0.05033527
320,-0.0004575378,0.0,7.739878000000001e-05,0.0001566715,0.0,1.0,-793.22,2.16368027440011e-06,682.3557,99000.0,99000.0,99000.0,99000,1,0,0,4,1,1.60565010806415,2,0,0,0,1,-0.005738198000000001,-0.8744881999999999,0.8630118,3.4445,0,4,92.11626,0,0.0004230284,50.0,0.0,-4.722796e-07,-9.942549e-05,0.05033527
321,-0.0004575378,0.0,7.739878000000001e-05,0.0001566715,0.0,1.0,-793.22,2.16368027440011e-06,682.3557,99000.0,99000.0,99000.0,99000,1,0,0,4,1,1.60565010806415,2,0,0,0,1,-0.005738198000000001,-0.8744881999999999,0.8630118,3.4445,0,4,92.11626,0,0.0004230284,50.0,0.0,-4.722796e-07,-9.942549e-05,0.05033527
322,-0.0004575378,0.0,7.739878000000001e-05,0.0001566715,0.0,1.0,-793.22,2.16368027440011e-06,682.3557,99000.0,99000.0,99000.0,99000,1,0,0,4,1,1.60565010806415,2,0,0,0,1,-0.005738198000000001,-0.8744881999999999,0.8630118,3.4445,0,4,92.11626,0,0.0004230284,50.0,0.0,-4.722796e-07,-9.942549e-05,0.05033527
